ModuleName,Layer,DomainGuess,RelativeBuildCsPath,TriggerKeywords
AITestSuite,Developer,UI,Developer\AITestSuite\AITestSuite.Build.cs,aitestsuite|slate|umg|widget
AndroidDeviceDetection,Developer,UI,Developer\Android\AndroidDeviceDetection\AndroidDeviceDetection.Build.cs,androiddevicedetection|android|slate|umg|widget
AndroidPlatformEditor,Developer,UI,Developer\Android\AndroidPlatformEditor\AndroidPlatformEditor.Build.cs,androidplatformeditor|android|slate|umg|widget
AndroidTargetPlatform,Developer,UI,Developer\Android\AndroidTargetPlatform\AndroidTargetPlatform.Build.cs,androidtargetplatform|android|slate|umg|widget
AndroidTargetPlatformControls,Developer,UI,Developer\Android\AndroidTargetPlatformControls\AndroidTargetPlatformControls.Build.cs,androidtargetplatformcontrols|android|slate|umg|widget
AndroidTargetPlatformSettings,Developer,UI,Developer\Android\AndroidTargetPlatformSettings\AndroidTargetPlatformSettings.Build.cs,androidtargetplatformsettings|android|slate|umg|widget
AnimationDataController,Developer,Animation,Developer\AnimationDataController\AnimationDataController.build.cs,animationdatacontroller|animation|rig|skeletal
AnimationWidgets,Developer,Animation,Developer\AnimationWidgets\AnimationWidgets.Build.cs,animationwidgets|animation|rig|skeletal
AssetTools,Developer,UI,Developer\AssetTools\AssetTools.Build.cs,assettools|slate|umg|widget
AudioFormatADPCM,Developer,Audio,Developer\AudioFormatADPCM\AudioFormatADPCM.Build.cs,audioformatadpcm|audio|metasound|sound
AudioFormatBink,Developer,Audio,Developer\AudioFormatBink\AudioFormatBink.Build.cs,audioformatbink|audio|metasound|sound
AudioFormatOgg,Developer,Audio,Developer\AudioFormatOgg\AudioFormatOgg.Build.cs,audioformatogg|audio|metasound|sound
AudioFormatOpus,Developer,Audio,Developer\AudioFormatOpus\AudioFormatOpus.Build.cs,audioformatopus|audio|metasound|sound
AudioFormatRad,Developer,Audio,Developer\AudioFormatRad\AudioFormatRad.Build.cs,audioformatrad|audio|metasound|sound
AudioSettingsEditor,Developer,Audio,Developer\AudioSettingsEditor\AudioSettingsEditor.Build.cs,audiosettingseditor|audio|metasound|sound
AutomationController,Developer,UI,Developer\AutomationController\AutomationController.Build.cs,automationcontroller|slate|umg|widget
AutomationDriver,Developer,UI,Developer\AutomationDriver\AutomationDriver.Build.cs,automationdriver|slate|umg|widget
AutomationWindow,Developer,UI,Developer\AutomationWindow\AutomationWindow.Build.cs,automationwindow|slate|umg|widget
BlankModule,Developer,UI,Developer\BlankModule\BlankModule.Build.cs,blankmodule|slate|umg|widget
BSPUtils,Developer,UI,Developer\BSPUtils\BSPUtils.Build.cs,bsputils|slate|umg|widget
CollectionManager,Developer,UI,Developer\CollectionManager\CollectionManager.Build.cs,collectionmanager|slate|umg|widget
CollisionAnalyzer,Developer,Physics,Developer\CollisionAnalyzer\CollisionAnalyzer.Build.cs,collisionanalyzer|chaos|collision|physics
CookedEditor,Developer,UI,Developer\CookedEditor\CookedEditor.Build.cs,cookededitor|slate|umg|widget
CookMetadata,Developer,UI,Developer\CookMetadata\CookMetadata.Build.cs,cookmetadata|slate|umg|widget
CookOnTheFlyNetServer,Developer,NetworkingOnline,Developer\CookOnTheFlyNetServer\CookOnTheFlyNetServer.Build.cs,cookontheflynetserver|network|online|replication
CQTest,Developer,UI,Developer\CQTest\CQTest.Build.cs,cqtest|slate|umg|widget
CrashDebugHelper,Developer,UI,Developer\CrashDebugHelper\CrashDebugHelper.Build.cs,crashdebughelper|slate|umg|widget
CSVUtils,Developer,UI,Developer\CSVUtils\CSVUtils.build.cs,csvutils|slate|umg|widget
DatasmithExporter,Developer,UI,Developer\Datasmith\DatasmithExporter\DatasmithExporter.Build.cs,datasmithexporter|datasmith|slate|umg|widget
DatasmithExporterUI,Developer,UI,Developer\Datasmith\DatasmithExporterUI\DatasmithExporterUI.Build.cs,datasmithexporterui|datasmith|slate|umg|widget
DatasmithFacade,Developer,UI,Developer\Datasmith\DatasmithFacade\DatasmithFacade.Build.cs,datasmithfacade|datasmith|slate|umg|widget
DerivedDataCache,Developer,UI,Developer\DerivedDataCache\DerivedDataCache.Build.cs,deriveddatacache|slate|umg|widget
DesktopPlatform,Developer,UI,Developer\DesktopPlatform\DesktopPlatform.Build.cs,desktopplatform|slate|umg|widget
DesktopWidgets,Developer,UI,Developer\DesktopWidgets\DesktopWidgets.Build.cs,desktopwidgets|slate|umg|widget
DeveloperToolSettings,Developer,UI,Developer\DeveloperToolSettings\DeveloperToolSettings.Build.cs,developertoolsettings|slate|umg|widget
DevHttp,Developer,NetworkingOnline,Developer\DevHttp\DevHttp.Build.cs,devhttp|network|online|replication
DeviceManager,Developer,UI,Developer\DeviceManager\DeviceManager.Build.cs,devicemanager|slate|umg|widget
DirectoryWatcher,Developer,UI,Developer\DirectoryWatcher\DirectoryWatcher.Build.cs,directorywatcher|slate|umg|widget
DistributedBuildInterface,Developer,UI,Developer\DistributedBuildInterface\DistributedBuildInterface.build.cs,distributedbuildinterface|slate|umg|widget
DrawPrimitiveDebugger,Developer,UI,Developer\DrawPrimitiveDebugger\DrawPrimitiveDebugger.Build.cs,drawprimitivedebugger|slate|umg|widget
EditorAnalyticsSession,Developer,UI,Developer\EditorAnalyticsSession\EditorAnalyticsSession.Build.cs,editoranalyticssession|slate|umg|widget
ExternalImagePicker,Developer,UI,Developer\ExternalImagePicker\ExternalImagePicker.Build.cs,externalimagepicker|slate|umg|widget
FileUtilities,Developer,UI,Developer\FileUtilities\FileUtilities.Build.cs,fileutilities|slate|umg|widget
FunctionalTesting,Developer,UI,Developer\FunctionalTesting\FunctionalTesting.Build.cs,functionaltesting|slate|umg|widget
GeometryProcessingInterfaces,Developer,UI,Developer\GeometryProcessingInterfaces\GeometryProcessingInterfaces.Build.cs,geometryprocessinginterfaces|slate|umg|widget
GraphColor,Developer,UI,Developer\GraphColor\GraphColor.Build.cs,graphcolor|slate|umg|widget
HierarchicalLODUtilities,Developer,UI,Developer\HierarchicalLODUtilities\HierarchicalLODUtilities.Build.cs,hierarchicallodutilities|slate|umg|widget
Horde,Developer,UI,Developer\Horde\Horde.Build.cs,horde|slate|umg|widget
HotReload,Developer,UI,Developer\HotReload\HotReload.Build.cs,hotreload|slate|umg|widget
IOSPlatformEditor,Developer,UI,Developer\IOS\IOSPlatformEditor\IOSPlatformEditor.Build.cs,iosplatformeditor|ios|slate|umg|widget
IOSTargetPlatform,Developer,UI,Developer\IOS\IOSTargetPlatform\IOSTargetPlatform.Build.cs,iostargetplatform|ios|slate|umg|widget
IOSTargetPlatformControls,Developer,UI,Developer\IOS\IOSTargetPlatformControls\IOSTargetPlatformControls.Build.cs,iostargetplatformcontrols|ios|slate|umg|widget
IOSTargetPlatformSettings,Developer,UI,Developer\IOS\IOSTargetPlatformSettings\IOSTargetPlatformSettings.Build.cs,iostargetplatformsettings|ios|slate|umg|widget
IoStoreUtilities,Developer,UI,Developer\IoStoreUtilities\IoStoreUtilities.Build.cs,iostoreutilities|slate|umg|widget
LauncherServices,Developer,UI,Developer\LauncherServices\LauncherServices.Build.cs,launcherservices|slate|umg|widget
LegacyProjectLauncher,Developer,UI,Developer\LegacyProjectLauncher\LegacyProjectLauncher.Build.cs,legacyprojectlauncher|slate|umg|widget
LinuxArm64TargetPlatform,Developer,UI,Developer\Linux\LinuxArm64TargetPlatform\LinuxArm64TargetPlatform.Build.cs,linuxarm64targetplatform|linux|slate|umg|widget
LinuxArm64TargetPlatformControls,Developer,UI,Developer\Linux\LinuxArm64TargetPlatformControls\LinuxArm64TargetPlatformControls.Build.cs,linuxarm64targetplatformcontrols|linux|slate|umg|widget
LinuxArm64TargetPlatformSettings,Developer,UI,Developer\Linux\LinuxArm64TargetPlatformSettings\LinuxArm64TargetPlatformSettings.Build.cs,linuxarm64targetplatformsettings|linux|slate|umg|widget
LinuxPlatformEditor,Developer,UI,Developer\Linux\LinuxPlatformEditor\LinuxPlatformEditor.Build.cs,linuxplatformeditor|linux|slate|umg|widget
LinuxTargetPlatform,Developer,UI,Developer\Linux\LinuxTargetPlatform\LinuxTargetPlatform.Build.cs,linuxtargetplatform|linux|slate|umg|widget
LinuxTargetPlatformControls,Developer,UI,Developer\Linux\LinuxTargetPlatformControls\LinuxTargetPlatformControls.Build.cs,linuxtargetplatformcontrols|linux|slate|umg|widget
LinuxTargetPlatformSettings,Developer,UI,Developer\Linux\LinuxTargetPlatformSettings\LinuxTargetPlatformSettings.Build.cs,linuxtargetplatformsettings|linux|slate|umg|widget
LiveCoding,Developer,UI,Developer\Windows\LiveCoding\LiveCoding.Build.cs,livecoding|slate|umg|widget|windows
LiveCodingServer,Developer,UI,Developer\Windows\LiveCodingServer\LiveCodingServer.Build.cs,livecodingserver|slate|umg|widget|windows
Localization,Developer,UI,Developer\Localization\Localization.Build.cs,localization|slate|umg|widget
LocalizationService,Developer,UI,Developer\LocalizationService\LocalizationService.Build.cs,localizationservice|slate|umg|widget
LogVisualizer,Developer,UI,Developer\LogVisualizer\LogVisualizer.Build.cs,logvisualizer|slate|umg|widget
LowLevelTestsRunner,Developer,UI,Developer\LowLevelTestsRunner\LowLevelTestsRunner.Build.cs,lowleveltestsrunner|slate|umg|widget
MacPlatformEditor,Developer,UI,Developer\Mac\MacPlatformEditor\MacPlatformEditor.Build.cs,macplatformeditor|mac|slate|umg|widget
MacTargetPlatform,Developer,UI,Developer\Mac\MacTargetPlatform\MacTargetPlatform.Build.cs,mactargetplatform|mac|slate|umg|widget
MacTargetPlatformControls,Developer,UI,Developer\Mac\MacTargetPlatformControls\MacTargetPlatformControls.Build.cs,mactargetplatformcontrols|mac|slate|umg|widget
MacTargetPlatformSettings,Developer,UI,Developer\Mac\MacTargetPlatformSettings\MacTargetPlatformSettings.Build.cs,mactargetplatformsettings|mac|slate|umg|widget
MassEntityTestSuite,Developer,AI_Mass,Developer\MassEntityTestSuite\MassEntityTestSuite.Build.cs,massentitytestsuite|mass|nav
MaterialBaking,Developer,Rendering,Developer\MaterialBaking\MaterialBaking.Build.cs,materialbaking|render|rhi|shader
MaterialUtilities,Developer,Rendering,Developer\MaterialUtilities\MaterialUtilities.Build.cs,materialutilities|render|rhi|shader
Merge,Developer,UI,Developer\Merge\Merge.Build.cs,merge|slate|umg|widget
MeshBoneReduction,Developer,UI,Developer\MeshBoneReduction\MeshBoneReduction.Build.cs,meshbonereduction|slate|umg|widget
MeshBuilder,Developer,UI,Developer\MeshBuilder\MeshBuilder.Build.cs,meshbuilder|slate|umg|widget
MeshBuilderCommon,Developer,UI,Developer\MeshBuilderCommon\MeshBuilderCommon.Build.cs,meshbuildercommon|slate|umg|widget
MeshDescriptionOperations,Developer,UI,Developer\MeshDescriptionOperations\MeshDescriptionOperations.Build.cs,meshdescriptionoperations|slate|umg|widget
MeshMergeUtilities,Developer,UI,Developer\MeshMergeUtilities\MeshMergeUtilities.Build.cs,meshmergeutilities|slate|umg|widget
MeshReductionInterface,Developer,UI,Developer\MeshReductionInterface\MeshReductionInterface.Build.cs,meshreductioninterface|slate|umg|widget
MeshUtilities,Developer,UI,Developer\MeshUtilities\MeshUtilities.Build.cs,meshutilities|slate|umg|widget
MeshUtilitiesEngine,Developer,UI,Developer\MeshUtilitiesEngine\MeshUtilitiesEngine.Build.cs,meshutilitiesengine|slate|umg|widget
MessageLog,Developer,UI,Developer\MessageLog\MessageLog.Build.cs,messagelog|slate|umg|widget
MetalShaderFormat,Developer,Rendering,Developer\Apple\MetalShaderFormat\MetalShaderFormat.Build.cs,metalshaderformat|apple|render|rhi|shader
NaniteBuilder,Developer,Rendering,Developer\NaniteBuilder\NaniteBuilder.Build.cs,nanitebuilder|render|rhi|shader
NaniteUtilities,Developer,Rendering,Developer\NaniteUtilities\NaniteUtilities.Build.cs,naniteutilities|render|rhi|shader
OutputLog,Developer,UI,Developer\OutputLog\OutputLog.Build.cs,outputlog|slate|umg|widget
PakFileUtilities,Developer,UI,Developer\PakFileUtilities\PakFileUtilities.Build.cs,pakfileutilities|slate|umg|widget
PhysicsUtilities,Developer,Physics,Developer\PhysicsUtilities\PhysicsUtilities.Build.cs,physicsutilities|chaos|collision|physics
Profiler,Developer,UI,Developer\Profiler\Profiler.Build.cs,profiler|slate|umg|widget
ProfilerClient,Developer,UI,Developer\ProfilerClient\ProfilerClient.Build.cs,profilerclient|slate|umg|widget
ProfilerMessages,Developer,UI,Developer\ProfilerMessages\ProfilerMessages.Build.cs,profilermessages|slate|umg|widget
ProfilerService,Developer,UI,Developer\ProfilerService\ProfilerService.Build.cs,profilerservice|slate|umg|widget
ProfileVisualizer,Developer,UI,Developer\ProfileVisualizer\ProfileVisualizer.Build.cs,profilevisualizer|slate|umg|widget
QuadricMeshReduction,Developer,UI,Developer\MeshSimplifier\QuadricMeshReduction.Build.cs,quadricmeshreduction|meshsimplifier|slate|umg|widget
S3Client,Developer,UI,Developer\S3Client\S3Client.Build.cs,s3client|slate|umg|widget
ScreenShotComparison,Developer,UI,Developer\ScreenShotComparison\ScreenShotComparison.Build.cs,screenshotcomparison|slate|umg|widget
ScreenShotComparisonTools,Developer,UI,Developer\ScreenShotComparisonTools\ScreenShotComparisonTools.Build.cs,screenshotcomparisontools|slate|umg|widget
ScriptDisassembler,Developer,UI,Developer\ScriptDisassembler\ScriptDisassembler.Build.cs,scriptdisassembler|slate|umg|widget
SessionFrontend,Developer,UI,Developer\SessionFrontend\SessionFrontend.Build.cs,sessionfrontend|slate|umg|widget
Settings,Developer,UI,Developer\Settings\Settings.Build.cs,settings|slate|umg|widget
SettingsEditor,Developer,UI,Developer\SettingsEditor\SettingsEditor.Build.cs,settingseditor|slate|umg|widget
ShaderCompilerCommon,Developer,Rendering,Developer\ShaderCompilerCommon\ShaderCompilerCommon.Build.cs,shadercompilercommon|render|rhi|shader
ShaderFormatD3D,Developer,Rendering,Developer\Windows\ShaderFormatD3D\ShaderFormatD3D.Build.cs,shaderformatd3d|render|rhi|shader|windows
ShaderFormatOpenGL,Developer,Rendering,Developer\ShaderFormatOpenGL\ShaderFormatOpenGL.Build.cs,shaderformatopengl|render|rhi|shader
ShaderFormatVectorVM,Developer,Rendering,Developer\ShaderFormatVectorVM\ShaderFormatVectorVM.Build.cs,shaderformatvectorvm|render|rhi|shader
ShaderPreprocessor,Developer,Rendering,Developer\ShaderPreprocessor\ShaderPreprocessor.Build.cs,shaderpreprocessor|render|rhi|shader
SharedSettingsWidgets,Developer,UI,Developer\SharedSettingsWidgets\SharedSettingsWidgets.Build.cs,sharedsettingswidgets|slate|umg|widget
SkeletalMeshUtilitiesCommon,Developer,Animation,Developer\SkeletalMeshUtilitiesCommon\SkeletalMeshUtilitiesCommon.Build.cs,skeletalmeshutilitiescommon|animation|rig|skeletal
SlackIntegrations,Developer,UI,Developer\SlackIntegrations\SlackIntegrations.Build.cs,slackintegrations|slate|umg|widget
SlateFileDialogs,Developer,UI,Developer\SlateFileDialogs\SlateFileDialogs.Build.cs,slatefiledialogs|slate|umg|widget
SlateFontDialog,Developer,UI,Developer\SlateFontDialog\SlateFontDialog.Build.cs,slatefontdialog|slate|umg|widget
SlateReflector,Developer,UI,Developer\SlateReflector\SlateReflector.Build.cs,slatereflector|slate|umg|widget
SourceCodeAccess,Developer,UI,Developer\SourceCodeAccess\SourceCodeAccess.Build.cs,sourcecodeaccess|slate|umg|widget
SourceControl,Developer,UI,Developer\SourceControl\SourceControl.Build.cs,sourcecontrol|slate|umg|widget
SourceControlCheckInPrompt,Developer,UI,Developer\SourceControlCheckInPrompt\SourceControlCheckInPrompt.Build.cs,sourcecontrolcheckinprompt|slate|umg|widget
SourceControlViewport,Developer,UI,Developer\SourceControlViewport\SourceControlViewport.Build.cs,sourcecontrolviewport|slate|umg|widget
StandaloneRenderer,Developer,Rendering,Developer\StandaloneRenderer\StandaloneRenderer.Build.cs,standalonerenderer|render|rhi|shader
StructUtilsTestSuite,Developer,UI,Developer\StructUtilsTestSuite\StructUtilsTestSuite.Build.cs,structutilstestsuite|slate|umg|widget
TargetDeviceServices,Developer,UI,Developer\TargetDeviceServices\TargetDeviceServices.Build.cs,targetdeviceservices|slate|umg|widget
TargetPlatform,Developer,UI,Developer\TargetPlatform\TargetPlatform.Build.cs,targetplatform|slate|umg|widget
TextureBuild,Developer,UI,Developer\TextureBuild\TextureBuild.Build.cs,texturebuild|slate|umg|widget
TextureBuildUtilities,Developer,UI,Developer\TextureBuildUtilities\TextureBuildUtilities.Build.cs,texturebuildutilities|slate|umg|widget
TextureCompressor,Developer,UI,Developer\TextureCompressor\TextureCompressor.Build.cs,texturecompressor|slate|umg|widget
TextureFormat,Developer,UI,Developer\TextureFormat\TextureFormat.Build.cs,textureformat|slate|umg|widget
TextureFormatASTC,Developer,UI,Developer\TextureFormatASTC\TextureFormatASTC.Build.cs,textureformatastc|slate|umg|widget
TextureFormatDXT,Developer,UI,Developer\TextureFormatDXT\TextureFormatDXT.Build.cs,textureformatdxt|slate|umg|widget
TextureFormatETC2,Developer,UI,Developer\TextureFormatETC2\TextureFormatETC2.Build.cs,textureformatetc2|slate|umg|widget
TextureFormatIntelISPCTexComp,Developer,UI,Developer\TextureFormatIntelISPCTexComp\TextureFormatIntelISPCTexComp.Build.cs,textureformatintelispctexcomp|slate|umg|widget
TextureFormatUncompressed,Developer,UI,Developer\TextureFormatUncompressed\TextureFormatUncompressed.Build.cs,textureformatuncompressed|slate|umg|widget
ToolMenus,Developer,UI,Developer\ToolMenus\ToolMenus.Build.cs,toolmenus|slate|umg|widget
ToolWidgets,Developer,UI,Developer\ToolWidgets\ToolWidgets.Build.cs,toolwidgets|slate|umg|widget
TraceAnalysis,Developer,UI,Developer\TraceAnalysis\TraceAnalysis.Build.cs,traceanalysis|slate|umg|widget
TraceInsights,Developer,UI,Developer\TraceInsights\TraceInsights.Build.cs,traceinsights|slate|umg|widget
TraceInsightsCore,Developer,UI,Developer\TraceInsightsCore\TraceInsightsCore.Build.cs,traceinsightscore|slate|umg|widget
TraceInsightsFrontend,Developer,UI,Developer\TraceInsightsFrontend\TraceInsightsFrontend.Build.cs,traceinsightsfrontend|slate|umg|widget
TraceServices,Developer,UI,Developer\TraceServices\TraceServices.Build.cs,traceservices|slate|umg|widget
TraceTools,Developer,UI,Developer\TraceTools\TraceTools.build.cs,tracetools|slate|umg|widget
TranslationEditor,Developer,UI,Developer\TranslationEditor\TranslationEditor.Build.cs,translationeditor|slate|umg|widget
TreeMap,Developer,UI,Developer\TreeMap\TreeMap.Build.cs,treemap|slate|umg|widget
TurnkeyIO,Developer,UI,Developer\TurnkeyIO\TurnkeyIO.Build.cs,turnkeyio|slate|umg|widget
TVOSTargetPlatform,Developer,UI,Developer\IOS\TVOSTargetPlatform\TVOSTargetPlatform.Build.cs,tvostargetplatform|ios|slate|umg|widget
TVOSTargetPlatformControls,Developer,UI,Developer\IOS\TVOSTargetPlatformControls\TVOSTargetPlatformControls.Build.cs,tvostargetplatformcontrols|ios|slate|umg|widget
TVOSTargetPlatformSettings,Developer,UI,Developer\IOS\TVOSTargetPlatformSettings\TVOSTargetPlatformSettings.Build.cs,tvostargetplatformsettings|ios|slate|umg|widget
UbaCoordinatorHorde,Developer,UI,Developer\UbaCoordinatorHorde\UbaCoordinatorHorde.Build.cs,ubacoordinatorhorde|slate|umg|widget
UncontrolledChangelists,Developer,UI,Developer\UncontrolledChangelists\UncontrolledChangelists.Build.cs,uncontrolledchangelists|slate|umg|widget
UndoHistory,Developer,UI,Developer\UndoHistory\UndoHistory.Build.cs,undohistory|slate|umg|widget
UnsavedAssetsTracker,Developer,UI,Developer\UnsavedAssetsTracker\Source\UnsavedAssetsTracker.Build.cs,unsavedassetstracker|slate|umg|widget
Virtualization,Developer,UI,Developer\Virtualization\Virtualization.Build.cs,virtualization|slate|umg|widget
VisualGraphUtils,Developer,UI,Developer\VisualGraphUtils\VisualGraphUtils.Build.cs,visualgraphutils|slate|umg|widget
VulkanShaderFormat,Developer,Rendering,Developer\VulkanShaderFormat\VulkanShaderFormat.Build.cs,vulkanshaderformat|render|rhi|shader
WidgetRegistration,Developer,UI,Developer\WidgetRegistration\WidgetRegistration.Build.cs,widgetregistration|slate|umg|widget
WindowsPlatformEditor,Developer,UI,Developer\Windows\WindowsPlatformEditor\WindowsPlatformEditor.Build.cs,windowsplatformeditor|slate|umg|widget|windows
WindowsTargetPlatform,Developer,UI,Developer\Windows\WindowsTargetPlatform\WindowsTargetPlatform.Build.cs,windowstargetplatform|slate|umg|widget|windows
WindowsTargetPlatformControls,Developer,UI,Developer\Windows\WindowsTargetPlatfomControls\WindowsTargetPlatformControls.Build.cs,windowstargetplatformcontrols|slate|umg|widget|windows|windowstargetplatfomcontrols
WindowsTargetPlatformSettings,Developer,UI,Developer\Windows\WindowsTargetPlatformSettings\WindowsTargetPlatformSettings.Build.cs,windowstargetplatformsettings|slate|umg|widget|windows
Zen,Developer,UI,Developer\Zen\Zen.Build.cs,zen|slate|umg|widget
ActionableMessage,Editor,UI,Editor\ActionableMessage\ActionableMessage.build.cs,actionablemessage|slate|umg|widget
ActorPickerMode,Editor,UI,Editor\ActorPickerMode\ActorPickerMode.Build.cs,actorpickermode|slate|umg|widget
AddContentDialog,Editor,UI,Editor\AddContentDialog\AddContentDialog.Build.cs,addcontentdialog|slate|umg|widget
AdvancedPreviewScene,Editor,UI,Editor\AdvancedPreviewScene\AdvancedPreviewScene.Build.cs,advancedpreviewscene|slate|umg|widget
AIGraph,Editor,UI,Editor\AIGraph\AIGraph.Build.cs,aigraph|slate|umg|widget
AnimationBlueprintEditor,Editor,Animation,Editor\AnimationBlueprintEditor\AnimationBlueprintEditor.Build.cs,animationblueprinteditor|animation|rig|skeletal
AnimationBlueprintLibrary,Editor,Animation,Editor\AnimationBlueprintLibrary\AnimationBlueprintLibrary.build.cs,animationblueprintlibrary|animation|rig|skeletal
AnimationEditMode,Editor,Animation,Editor\AnimationEditMode\AnimationEditMode.Build.cs,animationeditmode|animation|rig|skeletal
AnimationEditor,Editor,Animation,Editor\AnimationEditor\AnimationEditor.Build.cs,animationeditor|animation|rig|skeletal
AnimationEditorWidgets,Editor,Animation,Editor\AnimationEditorWidgets\AnimationEditorWidgets.Build.cs,animationeditorwidgets|animation|rig|skeletal
AnimationModifiers,Editor,Animation,Editor\AnimationModifiers\AnimationModifiers.Build.cs,animationmodifiers|animation|rig|skeletal
AnimationSettings,Editor,Animation,Editor\AnimationSettings\AnimationSettings.Build.cs,animationsettings|animation|rig|skeletal
AnimGraph,Editor,Animation,Editor\AnimGraph\AnimGraph.Build.cs,animgraph|animation|rig|skeletal
AssetDefinition,Editor,UI,Editor\AssetDefinition\AssetDefinition.Build.cs,assetdefinition|slate|umg|widget
AssetTagsEditor,Editor,UI,Editor\AssetTagsEditor\AssetTagsEditor.Build.cs,assettagseditor|slate|umg|widget
AudioEditor,Editor,Audio,Editor\AudioEditor\AudioEditor.Build.cs,audioeditor|audio|metasound|sound
BehaviorTreeEditor,Editor,AI_Mass,Editor\BehaviorTreeEditor\BehaviorTreeEditor.Build.cs,behaviortreeeditor|mass|nav
BlueprintEditorLibrary,Editor,UI,Editor\BlueprintEditorLibrary\BlueprintEditorLibrary.Build.cs,blueprinteditorlibrary|slate|umg|widget
BlueprintGraph,Editor,UI,Editor\BlueprintGraph\BlueprintGraph.Build.cs,blueprintgraph|slate|umg|widget
Blutility,Editor,UI,Editor\Blutility\Blutility.Build.cs,blutility|slate|umg|widget
ClassViewer,Editor,UI,Editor\ClassViewer\ClassViewer.Build.cs,classviewer|slate|umg|widget
ClothingSystemEditor,Editor,Physics,Editor\ClothingSystemEditor\ClothingSystemEditor.Build.cs,clothingsystemeditor|chaos|collision|physics
ClothingSystemEditorInterface,Editor,Physics,Editor\ClothingSystemEditorInterface\ClothingSystemEditorInterface.Build.cs,clothingsystemeditorinterface|chaos|collision|physics
ClothPainter,Editor,Physics,Editor\ClothPainter\ClothPainter.Build.cs,clothpainter|chaos|collision|physics
CommonMenuExtensions,Editor,UI,Editor\CommonMenuExtensions\CommonMenuExtensions.Build.cs,commonmenuextensions|slate|umg|widget
ComponentVisualizers,Editor,UI,Editor\ComponentVisualizers\ComponentVisualizers.Build.cs,componentvisualizers|slate|umg|widget
ConfigEditor,Editor,UI,Editor\ConfigEditor\ConfigEditor.Build.cs,configeditor|slate|umg|widget
ContentBrowser,Editor,UI,Editor\ContentBrowser\ContentBrowser.Build.cs,contentbrowser|slate|umg|widget
ContentBrowserData,Editor,UI,Editor\ContentBrowserData\ContentBrowserData.Build.cs,contentbrowserdata|slate|umg|widget
CSVtoSVG,Editor,UI,Editor\CSVtoSVG\CSVtoSVG.Build.cs,csvtosvg|slate|umg|widget
CurveAssetEditor,Editor,UI,Editor\CurveAssetEditor\CurveAssetEditor.Build.cs,curveasseteditor|slate|umg|widget
CurveEditor,Editor,UI,Editor\CurveEditor\CurveEditor.Build.cs,curveeditor|slate|umg|widget
CurveTableEditor,Editor,UI,Editor\CurveTableEditor\CurveTableEditor.Build.cs,curvetableeditor|slate|umg|widget
DataHierarchyEditor,Editor,UI,Editor\DataHierarchyEditor\DataHierarchyEditor.Build.cs,datahierarchyeditor|slate|umg|widget
DataLayerEditor,Editor,UI,Editor\DataLayerEditor\DataLayerEditor.Build.cs,datalayereditor|slate|umg|widget
DataTableEditor,Editor,UI,Editor\DataTableEditor\DataTableEditor.Build.cs,datatableeditor|slate|umg|widget
DerivedDataEditor,Editor,UI,Editor\DerivedDataEditor\DerivedDataEditor.Build.cs,deriveddataeditor|slate|umg|widget
DerivedDataWidgets,Editor,UI,Editor\DerivedDataWidgets\DerivedDataWidgets.Build.cs,deriveddatawidgets|slate|umg|widget
DetailCustomizations,Editor,UI,Editor\DetailCustomizations\DetailCustomizations.Build.cs,detailcustomizations|slate|umg|widget
DeviceProfileEditor,Editor,UI,Editor\DeviceProfileEditor\DeviceProfileEditor.Build.cs,deviceprofileeditor|slate|umg|widget
DeviceProfileServices,Editor,UI,Editor\DeviceProfileServices\DeviceProfileServices.Build.cs,deviceprofileservices|slate|umg|widget
DistCurveEditor,Editor,UI,Editor\DistCurveEditor\DistCurveEditor.Build.cs,distcurveeditor|slate|umg|widget
Documentation,Editor,UI,Editor\Documentation\Documentation.Build.cs,documentation|slate|umg|widget
EditorConfig,Editor,UI,Editor\EditorConfig\EditorConfig.Build.cs,editorconfig|slate|umg|widget
EditorFramework,Editor,UI,Editor\EditorFramework\EditorFramework.Build.cs,editorframework|slate|umg|widget
EditorInteractiveToolsFramework,Editor,UI,Editor\Experimental\EditorInteractiveToolsFramework\EditorInteractiveToolsFramework.Build.cs,editorinteractivetoolsframework|experimental|slate|umg|widget
EditorSettingsViewer,Editor,UI,Editor\EditorSettingsViewer\EditorSettingsViewer.Build.cs,editorsettingsviewer|slate|umg|widget
EditorStyle,Editor,UI,Editor\EditorStyle\EditorStyle.Build.cs,editorstyle|slate|umg|widget
EditorSubsystem,Editor,UI,Editor\EditorSubsystem\EditorSubsystem.Build.cs,editorsubsystem|slate|umg|widget
EditorWidgets,Editor,UI,Editor\EditorWidgets\EditorWidgets.Build.cs,editorwidgets|slate|umg|widget
EnvironmentLightingViewer,Editor,UI,Editor\EnvironmentLightingViewer\EnvironmentLightingViewer.Build.cs,environmentlightingviewer|slate|umg|widget
FoliageEdit,Editor,UI,Editor\FoliageEdit\FoliageEdit.build.cs,foliageedit|slate|umg|widget
FontEditor,Editor,UI,Editor\FontEditor\FontEditor.Build.cs,fonteditor|slate|umg|widget
GameplayDebuggerEditor,Editor,UI,Editor\GameplayDebugger\GameplayDebuggerEditor.Build.cs,gameplaydebuggereditor|gameplaydebugger|slate|umg|widget
GameplayTasksEditor,Editor,UI,Editor\GameplayTasksEditor\GameplayTasksEditor.Build.cs,gameplaytaskseditor|slate|umg|widget
GameProjectGeneration,Editor,UI,Editor\GameProjectGeneration\GameProjectGeneration.Build.cs,gameprojectgeneration|slate|umg|widget
GraphEditor,Editor,UI,Editor\GraphEditor\GraphEditor.Build.cs,grapheditor|slate|umg|widget
HardwareTargeting,Editor,UI,Editor\HardwareTargeting\HardwareTargeting.Build.cs,hardwaretargeting|slate|umg|widget
HierarchicalLODOutliner,Editor,UI,Editor\HierarchicalLODOutliner\HierarchicalLODOutliner.Build.cs,hierarchicallodoutliner|slate|umg|widget
InputBindingEditor,Editor,UI,Editor\InputBindingEditor\InputBindingEditor.Build.cs,inputbindingeditor|slate|umg|widget
InternationalizationSettings,Editor,UI,Editor\InternationalizationSettings\InternationalizationSettings.Build.cs,internationalizationsettings|slate|umg|widget
Kismet,Editor,UI,Editor\Kismet\Kismet.Build.cs,kismet|slate|umg|widget
KismetCompiler,Editor,UI,Editor\KismetCompiler\KismetCompiler.Build.cs,kismetcompiler|slate|umg|widget
KismetWidgets,Editor,UI,Editor\KismetWidgets\KismetWidgets.Build.cs,kismetwidgets|slate|umg|widget
LandscapeEditor,Editor,UI,Editor\LandscapeEditor\LandscapeEditor.Build.cs,landscapeeditor|slate|umg|widget
LandscapeEditorUtilities,Editor,UI,Editor\LandscapeEditorUtilities\LandscapeEditorUtilities.Build.cs,landscapeeditorutilities|slate|umg|widget
Layers,Editor,UI,Editor\Layers\Layers.Build.cs,layers|slate|umg|widget
LevelEditor,Editor,UI,Editor\LevelEditor\LevelEditor.Build.cs,leveleditor|slate|umg|widget
LevelInstanceEditor,Editor,UI,Editor\LevelInstanceEditor\LevelInstanceEditor.Build.cs,levelinstanceeditor|slate|umg|widget
LocalizationCommandletExecution,Editor,UI,Editor\LocalizationCommandletExecution\LocalizationCommandletExecution.Build.cs,localizationcommandletexecution|slate|umg|widget
LocalizationDashboard,Editor,UI,Editor\LocalizationDashboard\LocalizationDashboard.Build.cs,localizationdashboard|slate|umg|widget
MainFrame,Editor,UI,Editor\MainFrame\MainFrame.Build.cs,mainframe|slate|umg|widget
MassEntityDebugger,Editor,AI_Mass,Editor\MassEntityDebugger\MassEntityDebugger.Build.cs,massentitydebugger|mass|nav
MassEntityEditor,Editor,AI_Mass,Editor\MassEntityEditor\MassEntityEditor.Build.cs,massentityeditor|mass|nav
MaterialEditor,Editor,Rendering,Editor\MaterialEditor\MaterialEditor.Build.cs,materialeditor|render|rhi|shader
MergeActors,Editor,UI,Editor\MergeActors\MergeActors.Build.cs,mergeactors|slate|umg|widget
MeshPaint,Editor,UI,Editor\MeshPaint\MeshPaint.Build.cs,meshpaint|slate|umg|widget
MovieSceneCaptureDialog,Editor,UI,Editor\MovieSceneCaptureDialog\MovieSceneCaptureDialog.Build.cs,moviescenecapturedialog|slate|umg|widget
MovieSceneTools,Editor,NetworkingOnline,Editor\MovieSceneTools\MovieSceneTools.Build.cs,moviescenetools|network|online|replication
NewLevelDialog,Editor,UI,Editor\NewLevelDialog\NewLevelDialog.Build.cs,newleveldialog|slate|umg|widget
NNEEditor,Editor,UI,Editor\NNEEditor\NNEEditor.Build.cs,nneeditor|slate|umg|widget
OverlayEditor,Editor,UI,Editor\OverlayEditor\OverlayEditor.Build.cs,overlayeditor|slate|umg|widget
PackagesDialog,Editor,UI,Editor\PackagesDialog\PackagesDialog.Build.cs,packagesdialog|slate|umg|widget
Persona,Editor,UI,Editor\Persona\Persona.Build.cs,persona|slate|umg|widget
PhysicsAssetEditor,Editor,Physics,Editor\PhysicsAssetEditor\PhysicsAssetEditor.Build.cs,physicsasseteditor|chaos|collision|physics
PIEPreviewDeviceProfileSelector,Editor,UI,Editor\PIEPreviewDeviceProfileSelector\PIEPreviewDeviceProfileSelector.Build.cs,piepreviewdeviceprofileselector|slate|umg|widget
PIEPreviewDeviceSpecification,Editor,UI,Editor\PIEPreviewDeviceSpecification\PIEPreviewDeviceSpecification.Build.cs,piepreviewdevicespecification|slate|umg|widget
PinnedCommandList,Editor,UI,Editor\PinnedCommandList\PinnedCommandList.Build.cs,pinnedcommandlist|slate|umg|widget
PixelInspectorModule,Editor,UI,Editor\PixelInspector\PixelInspectorModule.Build.cs,pixelinspectormodule|pixelinspector|slate|umg|widget
PlacementMode,Editor,UI,Editor\PlacementMode\PlacementMode.Build.cs,placementmode|slate|umg|widget
PListEditor,Editor,UI,Editor\PListEditor\PListEditor.Build.cs,plisteditor|slate|umg|widget
PluginWarden,Editor,UI,Editor\PluginWarden\PluginWarden.Build.cs,pluginwarden|slate|umg|widget
ProjectSettingsViewer,Editor,UI,Editor\ProjectSettingsViewer\ProjectSettingsViewer.Build.cs,projectsettingsviewer|slate|umg|widget
ProjectTargetPlatformEditor,Editor,UI,Editor\ProjectTargetPlatformEditor\ProjectTargetPlatformEditor.Build.cs,projecttargetplatformeditor|slate|umg|widget
PropertyEditor,Editor,UI,Editor\PropertyEditor\PropertyEditor.Build.cs,propertyeditor|slate|umg|widget
RenderResourceViewer,Editor,Rendering,Editor\RenderResourceViewer\RenderResourceViewer.Build.cs,renderresourceviewer|render|rhi|shader
RewindDebuggerInterface,Editor,UI,Editor\RewindDebuggerInterface\RewindDebuggerInterface.Build.cs,rewinddebuggerinterface|slate|umg|widget
SceneDepthPickerMode,Editor,UI,Editor\SceneDepthPickerMode\SceneDepthPickerMode.Build.cs,scenedepthpickermode|slate|umg|widget
SceneOutliner,Editor,UI,Editor\SceneOutliner\SceneOutliner.Build.cs,sceneoutliner|slate|umg|widget
ScriptableEditorWidgets,Editor,UI,Editor\ScriptableEditorWidgets\ScriptableEditorWidgets.Build.cs,scriptableeditorwidgets|slate|umg|widget
Sequencer,Editor,UI,Editor\Sequencer\Sequencer.Build.cs,sequencer|slate|umg|widget
SequencerCore,Editor,UI,Editor\SequencerCore\SequencerCore.Build.cs,sequencercore|slate|umg|widget
SequenceRecorder,Editor,UI,Editor\SequenceRecorder\SequenceRecorder.Build.cs,sequencerecorder|slate|umg|widget
SequenceRecorderSections,Editor,UI,Editor\SequenceRecorderSections\SequenceRecorderSections.Build.cs,sequencerecordersections|slate|umg|widget
SequencerWidgets,Editor,UI,Editor\SequencerWidgets\SequencerWidgets.Build.cs,sequencerwidgets|slate|umg|widget
SerializedRecorderInterface,Editor,UI,Editor\SerializedRecorderInterface\SerializedRecorderInterface.Build.cs,serializedrecorderinterface|slate|umg|widget
SkeletalMeshEditor,Editor,Animation,Editor\SkeletalMeshEditor\SkeletalMeshEditor.Build.cs,skeletalmesheditor|animation|rig|skeletal
SkeletonEditor,Editor,UI,Editor\SkeletonEditor\SkeletonEditor.Build.cs,skeletoneditor|slate|umg|widget
SourceControlWindowExtender,Editor,UI,Editor\SourceControlWindowExtender\SourceControlWindowExtender.Build.cs,sourcecontrolwindowextender|slate|umg|widget
SourceControlWindows,Editor,UI,Editor\SourceControlWindows\SourceControlWindows.Build.cs,sourcecontrolwindows|slate|umg|widget
SparseVolumeTexture,Editor,UI,Editor\SparseVolumeTexture\SparseVolumeTexture.Build.cs,sparsevolumetexture|slate|umg|widget
StaticMeshEditor,Editor,UI,Editor\StaticMeshEditor\StaticMeshEditor.Build.cs,staticmesheditor|slate|umg|widget
StatsViewer,Editor,UI,Editor\StatsViewer\StatsViewer.Build.cs,statsviewer|slate|umg|widget
StatusBar,Editor,UI,Editor\StatusBar\StatusBar.Build.cs,statusbar|slate|umg|widget
StorageServerWidgets,Editor,UI,Editor\StorageServerWidgets\StorageServerWidgets.Build.cs,storageserverwidgets|slate|umg|widget
StringTableEditor,Editor,UI,Editor\StringTableEditor\StringTableEditor.Build.cs,stringtableeditor|slate|umg|widget
StructUtilsEditor,Editor,UI,Editor\StructUtilsEditor\StructUtilsEditor.Build.cs,structutilseditor|slate|umg|widget
StructViewer,Editor,UI,Editor\StructViewer\StructViewer.Build.cs,structviewer|slate|umg|widget
SubobjectDataInterface,Editor,UI,Editor\SubobjectDataInterface\SubobjectDataInterface.Build.cs,subobjectdatainterface|slate|umg|widget
SubobjectEditor,Editor,UI,Editor\SubobjectEditor\SubobjectEditor.Build.cs,subobjecteditor|slate|umg|widget
SVGDistanceField,Editor,UI,Editor\SVGDistanceField\SVGDistanceField.Build.cs,svgdistancefield|slate|umg|widget
SwarmInterface,Editor,UI,Editor\SwarmInterface\SwarmInterface.Build.cs,swarminterface|slate|umg|widget
TextureEditor,Editor,UI,Editor\TextureEditor\TextureEditor.Build.cs,textureeditor|slate|umg|widget
ToolMenusEditor,Editor,UI,Editor\ToolMenusEditor\ToolMenusEditor.Build.cs,toolmenuseditor|slate|umg|widget
TurnkeySupport,Editor,UI,Editor\TurnkeySupport\TurnkeySupport.Build.cs,turnkeysupport|slate|umg|widget
UATHelper,Editor,UI,Editor\UATHelper\UATHelper.Build.cs,uathelper|slate|umg|widget
UMGEditor,Editor,UI,Editor\UMGEditor\UMGEditor.Build.cs,umgeditor|slate|umg|widget
UndoHistoryEditor,Editor,UI,Editor\UndoHistoryEditor\UndoHistoryEditor.Build.cs,undohistoryeditor|slate|umg|widget
UniversalObjectLocatorEditor,Editor,UI,Editor\UniversalObjectLocatorEditor\UniversalObjectLocatorEditor.Build.cs,universalobjectlocatoreditor|slate|umg|widget
UnrealEd,Editor,UI,Editor\UnrealEd\UnrealEd.Build.cs,unrealed|slate|umg|widget
UnrealEdMessages,Editor,UI,Editor\UnrealEdMessages\UnrealEdMessages.Build.cs,unrealedmessages|slate|umg|widget
ViewportInteraction,Editor,UI,Editor\ViewportInteraction\ViewportInteraction.Build.cs,viewportinteraction|slate|umg|widget
ViewportSnapping,Editor,UI,Editor\ViewportSnapping\ViewportSnapping.Build.cs,viewportsnapping|slate|umg|widget
VirtualizationEditor,Editor,UI,Editor\VirtualizationEditor\VirtualizationEditor.Build.cs,virtualizationeditor|slate|umg|widget
VirtualTexturingEditor,Editor,UI,Editor\VirtualTexturingEditor\VirtualTexturingEditor.Build.cs,virtualtexturingeditor|slate|umg|widget
VREditor,Editor,UI,Editor\VREditor\VREditor.Build.cs,vreditor|slate|umg|widget
WorkspaceMenuStructure,Editor,UI,Editor\WorkspaceMenuStructure\WorkspaceMenuStructure.Build.cs,workspacemenustructure|slate|umg|widget
WorldBookmark,Editor,UI,Editor\WorldBookmark\WorldBookmark.Build.cs,worldbookmark|slate|umg|widget
WorldBrowser,Editor,UI,Editor\WorldBrowser\WorldBrowser.Build.cs,worldbrowser|slate|umg|widget
WorldPartitionEditor,Editor,UI,Editor\WorldPartitionEditor\WorldPartitionEditor.Build.cs,worldpartitioneditor|slate|umg|widget
ZenEditor,Editor,UI,Editor\ZenEditor\ZenEditor.Build.cs,zeneditor|slate|umg|widget
DotNetPerforceLib,Programs,NetworkingOnline,Programs\Shared\EpicGames.Perforce.Native\DotNetPerforceLib.Build.cs,dotnetperforcelib|epicgames|native|network|online|perforce|programs|replication
LiveLinkHubLauncher,Programs,UI,Programs\LiveLinkHub\Source\LiveLinkHubLauncher\LiveLinkHubLauncher.Build.cs,livelinkhublauncher|livelinkhub|programs|slate|umg|widget
AdpcmAudioDecoder,Runtime,Audio,Runtime\AdpcmAudioDecoder\Module\AdpcmAudioDecoder.Build.cs,adpcmaudiodecoder|audio|metasound|sound
AdvancedWidgets,Runtime,UI,Runtime\AdvancedWidgets\AdvancedWidgets.Build.cs,advancedwidgets|slate|umg|widget
Advertising,Runtime,UI,Runtime\Advertising\Advertising\Advertising.Build.cs,advertising|slate|umg|widget
AIModule,Runtime,AI_Mass,Runtime\AIModule\AIModule.Build.cs,aimodule|mass|nav
Analytics,Runtime,UI,Runtime\Analytics\Analytics\Analytics.Build.cs,analytics|slate|umg|widget
AnalyticsET,Runtime,UI,Runtime\Analytics\AnalyticsET\AnalyticsET.Build.cs,analyticset|analytics|slate|umg|widget
AnalyticsHorde,Runtime,UI,Runtime\Analytics\AnalyticsHorde\AnalyticsHorde.Build.cs,analyticshorde|analytics|slate|umg|widget
AnalyticsLog,Runtime,UI,Runtime\Analytics\AnalyticsLog\AnalyticsLog.Build.cs,analyticslog|analytics|slate|umg|widget
AnalyticsSwrve,Runtime,UI,Runtime\Analytics\AnalyticsSwrve\AnalyticsSwrve.Build.cs,analyticsswrve|analytics|slate|umg|widget
AnalyticsVisualEditing,Runtime,UI,Runtime\Analytics\AnalyticsVisualEditing\AnalyticsVisualEditing.Build.cs,analyticsvisualediting|analytics|slate|umg|widget
AndroidAdvertising,Runtime,UI,Runtime\Advertising\Android\AndroidAdvertising\AndroidAdvertising.Build.cs,androidadvertising|advertising|android|slate|umg|widget
AndroidLocalNotification,Runtime,UI,Runtime\Android\AndroidLocalNotification\AndroidLocalNotification.Build.cs,androidlocalnotification|android|slate|umg|widget
AndroidRuntimeSettings,Runtime,UI,Runtime\Android\AndroidRuntimeSettings\AndroidRuntimeSettings.Build.cs,androidruntimesettings|android|slate|umg|widget
AnimationCore,Runtime,Animation,Runtime\AnimationCore\AnimationCore.Build.cs,animationcore|animation|rig|skeletal
AnimGraphRuntime,Runtime,Animation,Runtime\AnimGraphRuntime\AnimGraphRuntime.Build.cs,animgraphruntime|animation|rig|skeletal
AppFramework,Runtime,UI,Runtime\AppFramework\AppFramework.Build.cs,appframework|slate|umg|widget
ApplicationCore,Runtime,UI,Runtime\ApplicationCore\ApplicationCore.Build.cs,applicationcore|slate|umg|widget
AssetRegistry,Runtime,UI,Runtime\AssetRegistry\AssetRegistry.Build.cs,assetregistry|slate|umg|widget
AudioAnalyzer,Runtime,Audio,Runtime\AudioAnalyzer\AudioAnalyzer.Build.cs,audioanalyzer|audio|metasound|sound
AudioCaptureAndroid,Runtime,Audio,Runtime\AudioCaptureImplementations\Android\AudioCaptureAndroid\AudioCaptureAndroid.Build.cs,audiocaptureandroid|android|audio|audiocaptureimplementations|metasound|sound
AudioCaptureAudioUnit,Runtime,Audio,Runtime\AudioCaptureImplementations\IOS\AudioCaptureAudioUnit\AudioCaptureAudioUnit.Build.cs,audiocaptureaudiounit|audio|audiocaptureimplementations|ios|metasound|sound
AudioCaptureCore,Runtime,Audio,Runtime\AudioCaptureCore\AudioCaptureCore.Build.cs,audiocapturecore|audio|metasound|sound
AudioCaptureRtAudio,Runtime,Audio,Runtime\AudioCaptureImplementations\AudioCaptureRtAudio\AudioCaptureRtAudio.Build.cs,audiocapturertaudio|audio|audiocaptureimplementations|metasound|sound
AudioCaptureWasapi,Runtime,Audio,Runtime\AudioCaptureImplementations\Windows\AudioCaputureWasapi\AudioCaptureWasapi.Build.cs,audiocapturewasapi|audio|audiocaptureimplementations|audiocaputurewasapi|metasound|sound|windows
AudioExtensions,Runtime,Audio,Runtime\AudioExtensions\AudioExtensions.Build.cs,audioextensions|audio|metasound|sound
AudioLinkCore,Runtime,Audio,Runtime\AudioLink\AudioLinkCore\AudioLinkCore.Build.cs,audiolinkcore|audio|audiolink|metasound|sound
AudioLinkEngine,Runtime,Audio,Runtime\AudioLink\AudioLinkEngine\AudioLinkEngine.Build.cs,audiolinkengine|audio|audiolink|metasound|sound
AudioMixer,Runtime,Audio,Runtime\AudioMixer\AudioMixer.Build.cs,audiomixer|audio|metasound|sound
AudioMixerAndroid,Runtime,Audio,Runtime\Android\AudioMixerAndroid\AudioMixerAndroid.Build.cs,audiomixerandroid|android|audio|metasound|sound
AudioMixerAudioUnit,Runtime,Audio,Runtime\Apple\AudioMixerAudioUnit\AudioMixerAudioUnit.Build.cs,audiomixeraudiounit|apple|audio|metasound|sound
AudioMixerCore,Runtime,Audio,Runtime\AudioMixerCore\AudioMixerCore.Build.cs,audiomixercore|audio|metasound|sound
AudioMixerCoreAudio,Runtime,Audio,Runtime\Apple\AudioMixerCoreAudio\AudioMixerCoreAudio.Build.cs,audiomixercoreaudio|apple|audio|metasound|sound
AudioMixerPlatformAudioLink,Runtime,Audio,Runtime\AudioLink\AudioMixerPlatformAudioLink\AudioMixerPlatformAudioLink.Build.cs,audiomixerplatformaudiolink|audio|audiolink|metasound|sound
AudioMixerSDL,Runtime,Audio,Runtime\Linux\AudioMixerSDL\AudioMixerSDL.Build.cs,audiomixersdl|audio|linux|metasound|sound
AudioMixerWasapi,Runtime,Audio,Runtime\Windows\AudioMixerWasapi\AudioMixerWasapi.Build.cs,audiomixerwasapi|audio|metasound|sound|windows
AudioMixerXAudio2,Runtime,Audio,Runtime\Windows\AudioMixerXAudio2\AudioMixerXAudio2.Build.cs,audiomixerxaudio2|audio|metasound|sound|windows
AudioPlatformConfiguration,Runtime,Audio,Runtime\AudioPlatformConfiguration\AudioPlatformConfiguration.Build.cs,audioplatformconfiguration|audio|metasound|sound
AudioPlatformSupportWasapi,Runtime,Audio,Runtime\AudioPlatformSupport\Windows\WASAPI\AudioPlatformSupportWasapi.Build.cs,audioplatformsupportwasapi|audio|audioplatformsupport|metasound|sound|wasapi|windows
AugmentedReality,Runtime,UI,Runtime\AugmentedReality\AugmentedReality.build.cs,augmentedreality|slate|umg|widget
AutomationMessages,Runtime,UI,Runtime\AutomationMessages\AutomationMessages.Build.cs,automationmessages|slate|umg|widget
AutomationTest,Runtime,UI,Runtime\AutomationTest\AutomationTest.Build.cs,automationtest|slate|umg|widget
AutomationWorker,Runtime,UI,Runtime\AutomationWorker\AutomationWorker.Build.cs,automationworker|slate|umg|widget
AutoRTFM,Runtime,UI,Runtime\AutoRTFM\AutoRTFM.Build.cs,autortfm|slate|umg|widget
AVEncoder,Runtime,UI,Runtime\AVEncoder\AVEncoder.Build.cs,avencoder|slate|umg|widget
AVIWriter,Runtime,UI,Runtime\AVIWriter\AVIWriter.Build.cs,aviwriter|slate|umg|widget
BackgroundHTTP,Runtime,NetworkingOnline,Runtime\Online\BackgroundHTTP\BackgroundHTTP.Build.cs,backgroundhttp|online|network|replication
BackgroundHTTPFileHash,Runtime,NetworkingOnline,Runtime\Online\BackgroundHTTPFileHash\BackgroundHTTPFileHash.Build.cs,backgroundhttpfilehash|online|network|replication
BinkAudioDecoder,Runtime,Audio,Runtime\BinkAudioDecoder\Module\BinkAudioDecoder.Build.cs,binkaudiodecoder|audio|metasound|sound
BlueprintRuntime,Runtime,UI,Runtime\BlueprintRuntime\BlueprintRuntime.Build.cs,blueprintruntime|slate|umg|widget
BuildPatchServices,Runtime,NetworkingOnline,Runtime\Online\BuildPatchServices\BuildPatchServices.Build.cs,buildpatchservices|online|network|replication
BuildSettings,Runtime,UI,Runtime\BuildSettings\BuildSettings.Build.cs,buildsettings|slate|umg|widget
CADKernel,Runtime,UI,Runtime\Datasmith\CADKernel\Base\CADKernel.Build.cs,cadkernel|base|datasmith|slate|umg|widget
CADKernelEngine,Runtime,UI,Runtime\Datasmith\CADKernel\Engine\CADKernelEngine.Build.cs,cadkernelengine|cadkernel|datasmith|slate|umg|widget
Cbor,Runtime,UI,Runtime\Cbor\Cbor.Build.cs,cbor|slate|umg|widget
CEF3Utils,Runtime,UI,Runtime\CEF3Utils\CEF3Utils.Build.cs,cef3utils|slate|umg|widget
Chaos,Runtime,Physics,Runtime\Experimental\Chaos\Chaos.Build.cs,chaos|collision|experimental|physics
ChaosCore,Runtime,Physics,Runtime\Experimental\ChaosCore\ChaosCore.Build.cs,chaoscore|chaos|collision|experimental|physics
ChaosSolverEngine,Runtime,Physics,Runtime\Experimental\ChaosSolverEngine\ChaosSolverEngine.Build.cs,chaossolverengine|chaos|collision|experimental|physics
ChaosVDData,Runtime,Physics,Runtime\Experimental\ChaosVDData\ChaosVDData.build.cs,chaosvddata|chaos|collision|experimental|physics
ChaosVDRuntime,Runtime,Physics,Runtime\Experimental\ChaosVisualDebugger\ChaosVDRuntime.Build.cs,chaosvdruntime|chaos|chaosvisualdebugger|collision|experimental|physics
ChaosVehiclesCore,Runtime,Physics,Runtime\Experimental\ChaosVehicles\ChaosVehiclesCore\ChaosVehiclesCore.Build.cs,chaosvehiclescore|chaos|chaosvehicles|collision|experimental|physics
ChaosVehiclesEngine,Runtime,Physics,Runtime\Experimental\ChaosVehicles\ChaosVehiclesEngine\ChaosVehiclesEngine.Build.cs,chaosvehiclesengine|chaos|chaosvehicles|collision|experimental|physics
CinematicCamera,Runtime,UI,Runtime\CinematicCamera\CinematicCamera.Build.cs,cinematiccamera|slate|umg|widget
ClientPilot,Runtime,UI,Runtime\ClientPilot\ClientPilot.Build.cs,clientpilot|slate|umg|widget
ClothingSystemRuntimeCommon,Runtime,Physics,Runtime\ClothingSystemRuntimeCommon\ClothingSystemRuntimeCommon.Build.cs,clothingsystemruntimecommon|chaos|collision|physics
ClothingSystemRuntimeInterface,Runtime,Physics,Runtime\ClothingSystemRuntimeInterface\ClothingSystemRuntimeInterface.Build.cs,clothingsystemruntimeinterface|chaos|collision|physics
ClothingSystemRuntimeNv,Runtime,Physics,Runtime\ClothingSystemRuntimeNv\ClothingSystemRuntimeNv.Build.cs,clothingsystemruntimenv|chaos|collision|physics
ColorManagement,Runtime,UI,Runtime\ColorManagement\ColorManagement.Build.cs,colormanagement|slate|umg|widget
Constraints,Runtime,Animation,Runtime\Experimental\Animation\Constraints\Constraints.Build.cs,constraints|animation|experimental|rig|skeletal
CookOnTheFly,Runtime,UI,Runtime\CookOnTheFly\CookOnTheFly.Build.cs,cookonthefly|slate|umg|widget
Core,Runtime,UI,Runtime\Core\Core.Build.cs,core|slate|umg|widget
CoreOnline,Runtime,NetworkingOnline,Runtime\CoreOnline\CoreOnline.Build.cs,coreonline|network|online|replication
CorePreciseFP,Runtime,UI,Runtime\CorePreciseFP\CorePreciseFP.build.cs,coreprecisefp|slate|umg|widget
CoreUObject,Runtime,UI,Runtime\CoreUObject\CoreUObject.Build.cs,coreuobject|slate|umg|widget
CrashReportCore,Runtime,UI,Runtime\CrashReportCore\CrashReportCore.Build.cs,crashreportcore|slate|umg|widget
CUDA,Runtime,UI,Runtime\CUDA\Source\CUDA.Build.cs,cuda|slate|umg|widget
D3D11RHI,Runtime,Rendering,Runtime\Windows\D3D11RHI\D3D11RHI.Build.cs,d3d11rhi|render|rhi|shader|windows
D3D12RHI,Runtime,Rendering,Runtime\D3D12RHI\D3D12RHI.Build.cs,d3d12rhi|render|rhi|shader
DataflowCore,Runtime,UI,Runtime\Experimental\Dataflow\Core\DataflowCore.Build.cs,dataflowcore|core|dataflow|experimental|slate|umg|widget
DataflowEngine,Runtime,UI,Runtime\Experimental\Dataflow\Engine\DataflowEngine.Build.cs,dataflowengine|dataflow|experimental|slate|umg|widget
DataflowSimulation,Runtime,UI,Runtime\Experimental\Dataflow\Simulation\DataflowSimulation.Build.cs,dataflowsimulation|dataflow|experimental|simulation|slate|umg|widget
DatasmithCore,Runtime,UI,Runtime\Datasmith\DatasmithCore\DatasmithCore.Build.cs,datasmithcore|datasmith|slate|umg|widget
DeveloperSettings,Runtime,UI,Runtime\DeveloperSettings\DeveloperSettings.Build.cs,developersettings|slate|umg|widget
DirectLink,Runtime,UI,Runtime\Datasmith\DirectLink\DirectLink.Build.cs,directlink|datasmith|slate|umg|widget
Engine,Runtime,UI,Runtime\Engine\Engine.Build.cs,slate|umg|widget
EngineMessages,Runtime,UI,Runtime\EngineMessages\EngineMessages.Build.cs,enginemessages|slate|umg|widget
EngineSettings,Runtime,UI,Runtime\EngineSettings\EngineSettings.Build.cs,enginesettings|slate|umg|widget
EventLoop,Runtime,NetworkingOnline,Runtime\Online\Experimental\EventLoop\EventLoop.Build.cs,eventloop|online|experimental|network|replication
EventLoopUnitTests,Runtime,NetworkingOnline,Runtime\Online\Experimental\EventLoopTests\EventLoopUnitTests.Build.cs,eventloopunittests|online|eventlooptests|experimental|network|replication
ExternalRpcRegistry,Runtime,UI,Runtime\ExternalRPCRegistry\ExternalRpcRegistry.Build.cs,externalrpcregistry|slate|umg|widget
EyeTracker,Runtime,UI,Runtime\EyeTracker\EyeTracker.Build.cs,eyetracker|slate|umg|widget
FieldNotification,Runtime,UI,Runtime\FieldNotification\FieldNotification.Build.cs,fieldnotification|slate|umg|widget
FieldSystemEngine,Runtime,UI,Runtime\Experimental\FieldSystem\Source\FieldSystemEngine\FieldSystemEngine.Build.cs,fieldsystemengine|experimental|fieldsystem|slate|umg|widget
Foliage,Runtime,UI,Runtime\Foliage\Foliage.Build.cs,foliage|slate|umg|widget
FriendsAndChat,Runtime,UI,Runtime\FriendsAndChat\FriendsAndChat.Build.cs,friendsandchat|slate|umg|widget
GameMenuBuilder,Runtime,UI,Runtime\GameMenuBuilder\GameMenuBuilder.Build.cs,gamemenubuilder|slate|umg|widget
GameplayDebugger,Runtime,UI,Runtime\GameplayDebugger\GameplayDebugger.Build.cs,gameplaydebugger|slate|umg|widget
GameplayMediaEncoder,Runtime,UI,Runtime\GameplayMediaEncoder\GameplayMediaEncoder.Build.cs,gameplaymediaencoder|slate|umg|widget
GameplayTags,Runtime,UI,Runtime\GameplayTags\GameplayTags.Build.cs,gameplaytags|slate|umg|widget
GameplayTasks,Runtime,UI,Runtime\GameplayTasks\GameplayTasks.Build.cs,gameplaytasks|slate|umg|widget
GeometryCollectionEngine,Runtime,UI,Runtime\Experimental\GeometryCollectionEngine\GeometryCollectionEngine.Build.cs,geometrycollectionengine|experimental|slate|umg|widget
GeometryCore,Runtime,UI,Runtime\GeometryCore\GeometryCore.Build.cs,geometrycore|slate|umg|widget
GeometryFramework,Runtime,UI,Runtime\GeometryFramework\GeometryFramework.Build.cs,geometryframework|slate|umg|widget
HardwareSurvey,Runtime,UI,Runtime\HardwareSurvey\HardwareSurvey.Build.cs,hardwaresurvey|slate|umg|widget
HeadMountedDisplay,Runtime,UI,Runtime\HeadMountedDisplay\HeadMountedDisplay.Build.cs,headmounteddisplay|slate|umg|widget
HTTP,Runtime,NetworkingOnline,Runtime\Online\HTTP\HTTP.Build.cs,http|online|network|replication
HttpNetworkReplayStreaming,Runtime,NetworkingOnline,Runtime\NetworkReplayStreaming\HttpNetworkReplayStreaming\HttpNetworkReplayStreaming.Build.cs,httpnetworkreplaystreaming|network|networkreplaystreaming|online|replication
HttpServer,Runtime,NetworkingOnline,Runtime\Online\HTTPServer\HttpServer.Build.cs,httpserver|online|network|replication
Icmp,Runtime,NetworkingOnline,Runtime\Online\ICMP\Icmp.Build.cs,icmp|online|network|replication
IESFile,Runtime,UI,Runtime\IESFile\IESFile.Build.cs,iesfile|slate|umg|widget
ImageCore,Runtime,UI,Runtime\ImageCore\ImageCore.Build.cs,imagecore|slate|umg|widget
ImageDownload,Runtime,NetworkingOnline,Runtime\Online\ImageDownload\ImageDownload.Build.cs,imagedownload|online|network|replication
ImageWrapper,Runtime,UI,Runtime\ImageWrapper\ImageWrapper.Build.cs,imagewrapper|slate|umg|widget
ImageWriteQueue,Runtime,UI,Runtime\ImageWriteQueue\ImageWriteQueue.Build.cs,imagewritequeue|slate|umg|widget
InMemoryNetworkReplayStreaming,Runtime,NetworkingOnline,Runtime\NetworkReplayStreaming\InMemoryNetworkReplayStreaming\InMemoryNetworkReplayStreaming.build.cs,inmemorynetworkreplaystreaming|network|networkreplaystreaming|online|replication
InputCore,Runtime,UI,Runtime\InputCore\InputCore.Build.cs,inputcore|slate|umg|widget
InputDevice,Runtime,UI,Runtime\InputDevice\InputDevice.Build.cs,inputdevice|slate|umg|widget
InstallBundleManager,Runtime,UI,Runtime\InstallBundleManager\InstallBundleManager.Build.cs,installbundlemanager|slate|umg|widget
Instrumentation,Runtime,UI,Runtime\Instrumentation\Instrumentation.Build.cs,instrumentation|slate|umg|widget
InteractiveToolsFramework,Runtime,UI,Runtime\InteractiveToolsFramework\InteractiveToolsFramework.Build.cs,interactivetoolsframework|slate|umg|widget
InterchangeCore,Runtime,UI,Runtime\Interchange\Core\InterchangeCore.Build.cs,interchangecore|core|interchange|slate|umg|widget
InterchangeEngine,Runtime,UI,Runtime\Interchange\Engine\InterchangeEngine.Build.cs,interchangeengine|interchange|slate|umg|widget
IOSAdvertising,Runtime,UI,Runtime\Advertising\IOS\IOSAdvertising\IOSAdvertising.Build.cs,iosadvertising|advertising|ios|slate|umg|widget
IOSAudio,Runtime,Audio,Runtime\IOS\IOSAudio\IOSAudio.Build.cs,iosaudio|audio|ios|metasound|sound
IOSLocalNotification,Runtime,UI,Runtime\IOS\IOSLocalNotification\IOSLocalNotification.Build.cs,ioslocalnotification|ios|slate|umg|widget
IOSPlatformFeatures,Runtime,UI,Runtime\IOS\IOSPlatformFeatures\IOSPlatformFeatures.Build.cs,iosplatformfeatures|ios|slate|umg|widget
IOSRuntimeSettings,Runtime,UI,Runtime\IOS\IOSRuntimeSettings\IOSRuntimeSettings.Build.cs,iosruntimesettings|ios|slate|umg|widget
IoStoreHttpClient,Runtime,NetworkingOnline,Runtime\Experimental\IoStore\HttpClient\IoStoreHttpClient.Build.cs,iostorehttpclient|experimental|httpclient|iostore|network|online|replication
IoStoreOnDemand,Runtime,UI,Runtime\Experimental\IoStore\OnDemand\IoStoreOnDemand.Build.cs,iostoreondemand|experimental|iostore|ondemand|slate|umg|widget
IoStoreOnDemandCore,Runtime,UI,Runtime\Experimental\IoStore\OnDemandCore\IoStoreOnDemandCore.Build.cs,iostoreondemandcore|experimental|iostore|ondemandcore|slate|umg|widget
IoStoreOnDemandTests,Runtime,UI,Runtime\Experimental\IoStore\Tests\IoStoreOnDemandTests.Build.cs,iostoreondemandtests|experimental|iostore|slate|tests|umg|widget
IPC,Runtime,UI,Runtime\IPC\IPC.Build.cs,ipc|slate|umg|widget
IrisCore,Runtime,UI,Runtime\Experimental\Iris\Core\IrisCore.Build.cs,iriscore|core|experimental|iris|slate|umg|widget
IrisStub,Runtime,UI,Runtime\Experimental\Iris\Stub\IrisStub.Build.cs,irisstub|experimental|iris|slate|stub|umg|widget
ISMPool,Runtime,UI,Runtime\Experimental\ISMPool\ISMPool.Build.cs,ismpool|experimental|slate|umg|widget
Json,Runtime,UI,Runtime\Json\Json.Build.cs,json|slate|umg|widget
JsonObjectGraph,Runtime,UI,Runtime\Experimental\JsonObjectGraph\JsonObjectGraph.Build.cs,jsonobjectgraph|experimental|slate|umg|widget
JsonUtilities,Runtime,UI,Runtime\JsonUtilities\JsonUtilities.Build.cs,jsonutilities|slate|umg|widget
Landscape,Runtime,UI,Runtime\Landscape\Landscape.Build.cs,landscape|slate|umg|widget
Launch,Runtime,UI,Runtime\Launch\Launch.Build.cs,launch|slate|umg|widget
LaunchDaemonMessages,Runtime,UI,Runtime\IOS\LaunchDaemonMessages\LaunchDaemonMessages.Build.cs,launchdaemonmessages|ios|slate|umg|widget
LauncherCheck,Runtime,UI,Runtime\Portal\LauncherCheck\LauncherCheck.Build.cs,launchercheck|portal|slate|umg|widget
LauncherPlatform,Runtime,UI,Runtime\Portal\LauncherPlatform\LauncherPlatform.Build.cs,launcherplatform|portal|slate|umg|widget
LevelSequence,Runtime,UI,Runtime\LevelSequence\LevelSequence.Build.cs,levelsequence|slate|umg|widget
LiveLinkAnimationCore,Runtime,Animation,Runtime\LiveLinkAnimationCore\LiveLinkAnimationCore.Build.cs,livelinkanimationcore|animation|rig|skeletal
LiveLinkInterface,Runtime,UI,Runtime\LiveLinkInterface\LiveLinkInterface.Build.cs,livelinkinterface|slate|umg|widget
LiveLinkMessageBusFramework,Runtime,UI,Runtime\LiveLinkMessageBusFramework\LiveLinkMessageBusFramework.Build.cs,livelinkmessagebusframework|slate|umg|widget
LocalFileNetworkReplayStreaming,Runtime,NetworkingOnline,Runtime\NetworkReplayStreaming\LocalFileNetworkReplayStreaming\LocalFileNetworkReplayStreaming.Build.cs,localfilenetworkreplaystreaming|network|networkreplaystreaming|online|replication
MarketplaceKit,Runtime,UI,Runtime\IOS\MarketplaceKit\MarketplaceKit.Build.cs,marketplacekit|ios|slate|umg|widget
MassEntity,Runtime,AI_Mass,Runtime\MassEntity\MassEntity.Build.cs,massentity|mass|nav
MaterialShaderQualitySettings,Runtime,Rendering,Runtime\MaterialShaderQualitySettings\MaterialShaderQualitySettings.Build.cs,materialshaderqualitysettings|render|rhi|shader
MathCore,Runtime,UI,Runtime\MathCore\MathCore.Build.cs,mathcore|slate|umg|widget
Media,Runtime,UI,Runtime\Media\Media.Build.cs,media|slate|umg|widget
MediaAssets,Runtime,UI,Runtime\MediaAssets\MediaAssets.Build.cs,mediaassets|slate|umg|widget
MediaUtils,Runtime,UI,Runtime\MediaUtils\MediaUtils.Build.cs,mediautils|slate|umg|widget
MeshConversion,Runtime,UI,Runtime\MeshConversion\MeshConversion.Build.cs,meshconversion|slate|umg|widget
MeshConversionEngineTypes,Runtime,NetworkingOnline,Runtime\MeshConversionEngineTypes\MeshConversionEngineTypes.Build.cs,meshconversionenginetypes|network|online|replication
MeshDescription,Runtime,UI,Runtime\MeshDescription\MeshDescription.Build.cs,meshdescription|slate|umg|widget
MeshUtilitiesCommon,Runtime,UI,Runtime\MeshUtilitiesCommon\MeshUtilitiesCommon.Build.cs,meshutilitiescommon|slate|umg|widget
Messaging,Runtime,UI,Runtime\Messaging\Messaging.Build.cs,messaging|slate|umg|widget
MessagingCommon,Runtime,UI,Runtime\MessagingCommon\MessagingCommon.Build.cs,messagingcommon|slate|umg|widget
MessagingRpc,Runtime,UI,Runtime\MessagingRpc\MessagingRpc.Build.cs,messagingrpc|slate|umg|widget
MetalRHI,Runtime,Rendering,Runtime\Apple\MetalRHI\MetalRHI.Build.cs,metalrhi|apple|render|rhi|shader
MoviePlayer,Runtime,UI,Runtime\MoviePlayer\MoviePlayer.Build.cs,movieplayer|slate|umg|widget
MoviePlayerProxy,Runtime,UI,Runtime\MoviePlayerProxy\MoviePlayerProxy.Build.cs,movieplayerproxy|slate|umg|widget
MovieScene,Runtime,UI,Runtime\MovieScene\MovieScene.Build.cs,moviescene|slate|umg|widget
MovieSceneCapture,Runtime,UI,Runtime\MovieSceneCapture\MovieSceneCapture.Build.cs,moviescenecapture|slate|umg|widget
MovieSceneTracks,Runtime,NetworkingOnline,Runtime\MovieSceneTracks\MovieSceneTracks.Build.cs,moviescenetracks|network|online|replication
MRMesh,Runtime,UI,Runtime\MRMesh\MRMesh.build.cs,mrmesh|slate|umg|widget
NavigationSystem,Runtime,AI_Mass,Runtime\NavigationSystem\NavigationSystem.Build.cs,navigationsystem|mass|nav
Navmesh,Runtime,AI_Mass,Runtime\Navmesh\Navmesh.Build.cs,navmesh|mass|nav
NetCommon,Runtime,NetworkingOnline,Runtime\Net\Common\NetCommon.Build.cs,netcommon|common|net|network|online|replication
NetCore,Runtime,NetworkingOnline,Runtime\Net\Core\NetCore.Build.cs,netcore|core|net|network|online|replication
NetworkFile,Runtime,NetworkingOnline,Runtime\NetworkFile\NetworkFile.Build.cs,networkfile|network|online|replication
NetworkFileSystem,Runtime,NetworkingOnline,Runtime\NetworkFileSystem\NetworkFileSystem.Build.cs,networkfilesystem|network|online|replication
Networking,Runtime,NetworkingOnline,Runtime\Networking\Networking.Build.cs,networking|network|online|replication
NetworkReplayStreaming,Runtime,NetworkingOnline,Runtime\NetworkReplayStreaming\NetworkReplayStreaming\NetworkReplayStreaming.Build.cs,networkreplaystreaming|network|online|replication
NNE,Runtime,UI,Runtime\NNE\NNE.Build.cs,nne|slate|umg|widget
NonRealtimeAudioRenderer,Runtime,Rendering,Runtime\NonRealtimeAudioRenderer\NonRealtimeAudioRenderer.Build.cs,nonrealtimeaudiorenderer|render|rhi|shader
NullDrv,Runtime,UI,Runtime\NullDrv\NullDrv.Build.cs,nulldrv|slate|umg|widget
NullInstallBundleManager,Runtime,UI,Runtime\NullInstallBundleManager\NullInstallBundleManager.build.cs,nullinstallbundlemanager|slate|umg|widget
NullNetworkReplayStreaming,Runtime,NetworkingOnline,Runtime\NetworkReplayStreaming\NullNetworkReplayStreaming\NullNetworkReplayStreaming.build.cs,nullnetworkreplaystreaming|network|networkreplaystreaming|online|replication
OodleDataCompression,Runtime,UI,Runtime\OodleDataCompression\OodleDataCompression.Build.cs,oodledatacompression|slate|umg|widget
OpenColorIOWrapper,Runtime,UI,Runtime\OpenColorIOWrapper\OpenColorIOWrapper.Build.cs,opencoloriowrapper|slate|umg|widget
OpenGLDrv,Runtime,UI,Runtime\OpenGLDrv\OpenGLDrv.Build.cs,opengldrv|slate|umg|widget
OpusAudioDecoder,Runtime,Audio,Runtime\OpusAudioDecoder\Module\OpusAudioDecoder.Build.cs,opusaudiodecoder|audio|metasound|sound
Overlay,Runtime,UI,Runtime\Overlay\Overlay.Build.cs,overlay|slate|umg|widget
PacketHandler,Runtime,UI,Runtime\PacketHandlers\PacketHandler\PacketHandler.Build.cs,packethandler|packethandlers|slate|umg|widget
PakFile,Runtime,UI,Runtime\PakFile\PakFile.Build.cs,pakfile|slate|umg|widget
PerfCounters,Runtime,UI,Runtime\PerfCounters\PerfCounters.Build.cs,perfcounters|slate|umg|widget
PhysicsCore,Runtime,Physics,Runtime\PhysicsCore\PhysicsCore.Build.cs,physicscore|chaos|collision|physics
PortalMessages,Runtime,UI,Runtime\Portal\Messages\PortalMessages.Build.cs,portalmessages|messages|portal|slate|umg|widget
PortalProxies,Runtime,UI,Runtime\Portal\Proxies\PortalProxies.Build.cs,portalproxies|portal|proxies|slate|umg|widget
PortalRpc,Runtime,UI,Runtime\Portal\Rpc\PortalRpc.Build.cs,portalrpc|portal|rpc|slate|umg|widget
PortalServices,Runtime,UI,Runtime\Portal\Services\PortalServices.Build.cs,portalservices|portal|services|slate|umg|widget
PosixShim,Runtime,UI,Runtime\PlatformThirdPartyHelpers\PosixShim\PosixShim.Build.cs,posixshim|platformthirdpartyhelpers|slate|umg|widget
PreLoadScreen,Runtime,UI,Runtime\PreLoadScreen\PreLoadScreen.Build.cs,preloadscreen|slate|umg|widget
Projects,Runtime,UI,Runtime\Projects\Projects.Build.cs,projects|slate|umg|widget
PropertyPath,Runtime,UI,Runtime\PropertyPath\PropertyPath.Build.cs,propertypath|slate|umg|widget
RadAudioDecoder,Runtime,Audio,Runtime\RadAudioCodec\Module\RadAudioDecoder.Build.cs,radaudiodecoder|audio|metasound|radaudiocodec|sound
RawMesh,Runtime,UI,Runtime\RawMesh\RawMesh.Build.cs,rawmesh|slate|umg|widget
ReliabilityHandlerComponent,Runtime,UI,Runtime\PacketHandlers\ReliabilityHandlerComponent\ReliabilityHandlerComponent.Build.cs,reliabilityhandlercomponent|packethandlers|slate|umg|widget
RenderCore,Runtime,Rendering,Runtime\RenderCore\RenderCore.Build.cs,rendercore|render|rhi|shader
Renderer,Runtime,Rendering,Runtime\Renderer\Renderer.Build.cs,renderer|render|rhi|shader
RewindDebuggerRuntimeInterface,Runtime,UI,Runtime\RewindDebuggerRuntimeInterface\RewindDebuggerRuntimeInterface.Build.cs,rewinddebuggerruntimeinterface|slate|umg|widget
RHI,Runtime,Rendering,Runtime\RHI\RHI.Build.cs,rhi|render|shader
RHICore,Runtime,Rendering,Runtime\RHICore\RHICore.Build.cs,rhicore|render|rhi|shader
RSA,Runtime,UI,Runtime\RSA\RSA.Build.cs,rsa|slate|umg|widget
RuntimeAssetCache,Runtime,UI,Runtime\RuntimeAssetCache\RuntimeAssetCache.Build.cs,runtimeassetcache|slate|umg|widget
SandboxFile,Runtime,UI,Runtime\SandboxFile\SandboxFile.Build.cs,sandboxfile|slate|umg|widget
SaveGameNetworkReplayStreaming,Runtime,NetworkingOnline,Runtime\NetworkReplayStreaming\SaveGameNetworkReplayStreaming\SaveGameNetworkReplayStreaming.Build.cs,savegamenetworkreplaystreaming|network|networkreplaystreaming|online|replication
Serialization,Runtime,UI,Runtime\Serialization\Serialization.Build.cs,serialization|slate|umg|widget
SessionMessages,Runtime,UI,Runtime\SessionMessages\SessionMessages.Build.cs,sessionmessages|slate|umg|widget
SessionServices,Runtime,UI,Runtime\SessionServices\SessionServices.Build.cs,sessionservices|slate|umg|widget
SignalProcessing,Runtime,UI,Runtime\SignalProcessing\SignalProcessing.Build.cs,signalprocessing|slate|umg|widget
SkeletalMeshDescription,Runtime,Animation,Runtime\SkeletalMeshDescription\SkeletalMeshDescription.Build.cs,skeletalmeshdescription|animation|rig|skeletal
Slate,Runtime,UI,Runtime\Slate\Slate.Build.cs,slate|umg|widget
SlateCore,Runtime,UI,Runtime\SlateCore\SlateCore.Build.cs,slatecore|slate|umg|widget
SlateNullRenderer,Runtime,Rendering,Runtime\SlateNullRenderer\SlateNullRenderer.Build.cs,slatenullrenderer|render|rhi|shader
SlateRHIRenderer,Runtime,Rendering,Runtime\SlateRHIRenderer\SlateRHIRenderer.Build.cs,slaterhirenderer|render|rhi|shader
Sockets,Runtime,NetworkingOnline,Runtime\Sockets\Sockets.Build.cs,sockets|network|online|replication
SoundFieldRendering,Runtime,Rendering,Runtime\SoundFieldRendering\SoundFieldRendering.Build.cs,soundfieldrendering|render|rhi|shader
SSL,Runtime,NetworkingOnline,Runtime\Online\SSL\SSL.Build.cs,ssl|online|network|replication
StageDataCore,Runtime,UI,Runtime\VirtualProduction\StageDataCore\StageDataCore.build.cs,stagedatacore|slate|umg|virtualproduction|widget
StateStream,Runtime,UI,Runtime\StateStream\StateStream.Build.cs,statestream|slate|umg|widget
StaticMeshDescription,Runtime,UI,Runtime\StaticMeshDescription\StaticMeshDescription.Build.cs,staticmeshdescription|slate|umg|widget
Stomp,Runtime,NetworkingOnline,Runtime\Online\Stomp\Stomp.Build.cs,stomp|online|network|replication
StorageServerClient,Runtime,UI,Runtime\StorageServerClient\StorageServerClient.Build.cs,storageserverclient|slate|umg|widget
StorageServerClientDebug,Runtime,UI,Runtime\StorageServerClientDebug\StorageServerClientDebug.Build.cs,storageserverclientdebug|slate|umg|widget
StreamingFile,Runtime,UI,Runtime\StreamingFile\StreamingFile.Build.cs,streamingfile|slate|umg|widget
StreamingPauseRendering,Runtime,Rendering,Runtime\StreamingPauseRendering\StreamingPauseRendering.Build.cs,streamingpauserendering|render|rhi|shader
StudioTelemetry,Runtime,UI,Runtime\StudioTelemetry\StudioTelemetry.build.cs,studiotelemetry|slate|umg|widget
SymsLib,Runtime,UI,Runtime\SymsLib\SymsLib.Build.cs,symslib|slate|umg|widget
SynthBenchmark,Runtime,Audio,Runtime\SynthBenchmark\SynthBenchmark.Build.cs,synthbenchmark|audio|metasound|sound
TelemetryUtils,Runtime,UI,Runtime\Analytics\TelemetryUtils\TelemetryUtils.Build.cs,telemetryutils|analytics|slate|umg|widget
TextureUtilitiesCommon,Runtime,UI,Runtime\TextureUtilitiesCommon\TextureUtilitiesCommon.build.cs,textureutilitiescommon|slate|umg|widget
TimeManagement,Runtime,UI,Runtime\TimeManagement\TimeManagement.Build.cs,timemanagement|slate|umg|widget
TraceLog,Runtime,UI,Runtime\TraceLog\TraceLog.Build.cs,tracelog|slate|umg|widget
TypedElementFramework,Runtime,UI,Runtime\TypedElementFramework\TypedElementFramework.Build.cs,typedelementframework|slate|umg|widget
TypedElementRuntime,Runtime,UI,Runtime\TypedElementRuntime\TypedElementRuntime.Build.cs,typedelementruntime|slate|umg|widget
UEJpegComp,Runtime,UI,Runtime\UEJpegComp\UEJpegComp.Build.cs,uejpegcomp|slate|umg|widget
UELibrary,Runtime,UI,Runtime\UELibrary\UELibrary.Build.cs,uelibrary|slate|umg|widget
UEWavComp,Runtime,UI,Runtime\UEWavComp\UEWavComp.Build.cs,uewavcomp|slate|umg|widget
uLangCore,Runtime,UI,Runtime\Solaris\uLangCore\uLangCore.Build.cs,ulangcore|slate|solaris|umg|widget
uLangJSON,Runtime,UI,Runtime\Solaris\uLangJSON\uLangJSON.Build.cs,ulangjson|slate|solaris|umg|widget
uLangUE,Runtime,UI,Runtime\Solaris\uLangUE\uLangUE.Build.cs,ulangue|slate|solaris|umg|widget
UMG,Runtime,UI,Runtime\UMG\UMG.Build.cs,umg|slate|widget
UniversalObjectLocator,Runtime,UI,Runtime\UniversalObjectLocator\UniversalObjectLocator.Build.cs,universalobjectlocator|slate|umg|widget
UnixCommonStartup,Runtime,UI,Runtime\Unix\UnixCommonStartup\UnixCommonStartup.Build.cs,unixcommonstartup|slate|umg|unix|widget
UnrealGame,Runtime,UI,Runtime\UnrealGame\UnrealGame.Build.cs,unrealgame|slate|umg|widget
VectorVM,Runtime,UI,Runtime\VectorVM\VectorVM.Build.cs,vectorvm|slate|umg|widget
VerseCompiler,Runtime,UI,Runtime\VerseCompiler\VerseCompiler.Build.cs,versecompiler|slate|umg|widget
VirtualFileCache,Runtime,UI,Runtime\VirtualFileCache\VirtualFileCache.Build.cs,virtualfilecache|slate|umg|widget
VirtualProduction,Runtime,UI,Runtime\VirtualProduction\VirtualProduction\VirtualProduction.build.cs,virtualproduction|slate|umg|widget
Voice,Runtime,Audio,Runtime\Online\Voice\Voice.Build.cs,voice|audio|metasound|online|sound
VorbisAudioDecoder,Runtime,Audio,Runtime\VorbisAudioDecoder\Module\VorbisAudioDecoder.Build.cs,vorbisaudiodecoder|audio|metasound|sound
Voronoi,Runtime,UI,Runtime\Experimental\Voronoi\Voronoi.Build.cs,voronoi|experimental|slate|umg|widget
VulkanRHI,Runtime,Rendering,Runtime\VulkanRHI\VulkanRHI.Build.cs,vulkanrhi|render|rhi|shader
WebBrowser,Runtime,UI,Runtime\WebBrowser\WebBrowser.Build.cs,webbrowser|slate|umg|widget
WebBrowserTexture,Runtime,UI,Runtime\WebBrowserTexture\WebBrowserTexture.Build.cs,webbrowsertexture|slate|umg|widget
WebSockets,Runtime,NetworkingOnline,Runtime\Online\WebSockets\WebSockets.Build.cs,websockets|online|network|replication
WidgetCarousel,Runtime,UI,Runtime\WidgetCarousel\WidgetCarousel.Build.cs,widgetcarousel|slate|umg|widget
WindowsMMDeviceEnumeration,Runtime,Audio,Runtime\AudioDeviceEnumeration\Windows\WindowsMMDeviceEnumeration\WindowsMMDeviceEnumeration.Build.cs,windowsmmdeviceenumeration|audio|audiodeviceenumeration|metasound|sound|windows
WindowsPlatformFeatures,Runtime,UI,Runtime\Windows\WindowsPlatformFeatures\WindowsPlatformFeatures.Build.cs,windowsplatformfeatures|slate|umg|widget|windows
XmlParser,Runtime,UI,Runtime\XmlParser\XmlParser.Build.cs,xmlparser|slate|umg|widget
XMPP,Runtime,NetworkingOnline,Runtime\Online\XMPP\XMPP.Build.cs,xmpp|online|network|replication
AlembicLib,ThirdParty,UI,ThirdParty\Alembic\AlembicLib.Build.cs,alembiclib|alembic|slate|umg|widget
AMD_AGS,ThirdParty,UI,ThirdParty\AMD\AMD_AGS\AMD_AGS.Build.cs,amd|ags|slate|umg|widget
Amf,ThirdParty,UI,ThirdParty\AMD\Amf\Amf.Build.cs,amf|amd|slate|umg|widget
ArmlibGPUInfo,ThirdParty,UI,ThirdParty\ARM\ArmlibGPUInfo\ArmlibGPUInfo.Build.cs,armlibgpuinfo|arm|slate|umg|widget
Asio,ThirdParty,UI,ThirdParty\asio\Asio.Build.cs,asio|slate|umg|widget
astcenc,ThirdParty,UI,ThirdParty\astcenc\astcenc.Build.cs,astcenc|slate|umg|widget
AtomicQueue,ThirdParty,UI,ThirdParty\AtomicQueue\AtomicQueue.Build.cs,atomicqueue|slate|umg|widget
BLAKE3,ThirdParty,UI,ThirdParty\BLAKE3\BLAKE3.Build.cs,blake3|slate|umg|widget
Blosc,ThirdParty,UI,ThirdParty\Blosc\Blosc.Build.cs,blosc|slate|umg|widget
Boost,ThirdParty,UI,ThirdParty\Boost\Boost.Build.cs,boost|slate|umg|widget
Catch2,ThirdParty,UI,ThirdParty\Catch2\Catch2.build.cs,catch2|slate|umg|widget
Catch2Extras,ThirdParty,UI,ThirdParty\Catch2\Catch2Extras.Build.cs,catch2extras|catch2|slate|umg|widget
CEF3,ThirdParty,UI,ThirdParty\CEF3\CEF3.build.cs,cef3|slate|umg|widget
ConcurrencyVisualizer,ThirdParty,UI,ThirdParty\ConcurrencyVisualizer\ConcurrencyVisualizer.Build.cs,concurrencyvisualizer|slate|umg|widget
coremod,ThirdParty,UI,ThirdParty\coremod\coremod.Build.cs,coremod|slate|umg|widget
CUDAHeader,ThirdParty,UI,ThirdParty\NVIDIA\CUDA\CUDAHeader.Build.cs,cudaheader|cuda|nvidia|slate|umg|widget
DirectML,ThirdParty,UI,ThirdParty\DirectML\DirectML.Build.cs,directml|slate|umg|widget
DirectShow,ThirdParty,UI,ThirdParty\DirectShow\DirectShow.Build.cs,directshow|slate|umg|widget
DirectSound,ThirdParty,Audio,ThirdParty\Windows\DirectSound\DirectSound.Build.cs,directsound|audio|metasound|sound|windows
DirectX,ThirdParty,UI,ThirdParty\Windows\DirectX\DirectX.Build.cs,directx|slate|umg|widget|windows
DNxHR,ThirdParty,UI,ThirdParty\AvidDNxHD\DNxHR\DNxHR.Build.cs,dnxhr|aviddnxhd|slate|umg|widget
DNxMXF,ThirdParty,UI,ThirdParty\AvidDNxHD\DNxMXF\DNxMXF.Build.cs,dnxmxf|aviddnxhd|slate|umg|widget
DNxUncompressed,ThirdParty,UI,ThirdParty\AvidDNxHD\DNxUncompressed\DNxUncompressed.Build.cs,dnxuncompressed|aviddnxhd|slate|umg|widget
dr_libs,ThirdParty,UI,ThirdParty\dr_libs\dr_libs.Build.cs,libs|slate|umg|widget
DX11,ThirdParty,UI,ThirdParty\Windows\DX11\DX11.Build.cs,dx11|slate|umg|widget|windows
DX11Audio,ThirdParty,Audio,ThirdParty\Windows\DX11\DX11Audio.Build.cs,dx11audio|audio|dx11|metasound|sound|windows
DX12,ThirdParty,UI,ThirdParty\Windows\DX12\DX12.Build.cs,dx12|slate|umg|widget|windows
DX9,ThirdParty,UI,ThirdParty\Windows\DX9\DX9.Build.cs,dx9|slate|umg|widget|windows
Eigen,ThirdParty,UI,ThirdParty\Eigen\Eigen.Build.cs,eigen|slate|umg|widget
Embree,ThirdParty,UI,ThirdParty\Intel\Embree\Embree.Build.cs,embree|intel|slate|umg|widget
EOSSDK,ThirdParty,UI,ThirdParty\EOSSDK\EOSSDK.Build.cs,eossdk|slate|umg|widget
etc2comp,ThirdParty,UI,ThirdParty\etc2comp\etc2comp.Build.cs,etc2comp|slate|umg|widget
Expat,ThirdParty,UI,ThirdParty\Expat\Expat.Build.cs,expat|slate|umg|widget
Facebook,ThirdParty,UI,ThirdParty\Facebook\Facebook.Build.cs,facebook|slate|umg|widget
FBX,ThirdParty,UI,ThirdParty\FBX\FBX.Build.cs,fbx|slate|umg|widget
ForsythTriOptimizer,ThirdParty,UI,ThirdParty\ForsythTriOO\ForsythTriOptimizer.Build.cs,forsythtrioptimizer|forsythtrioo|slate|umg|widget
FreeImage,ThirdParty,UI,ThirdParty\FreeImage\FreeImage.Build.cs,freeimage|slate|umg|widget
FreeType2,ThirdParty,UI,ThirdParty\FreeType2\FreeType2.Build.cs,freetype2|slate|umg|widget
GeForceNOW,ThirdParty,UI,ThirdParty\NVIDIA\GeForceNOW\GeForceNOW.Build.cs,geforcenow|nvidia|slate|umg|widget
GoogleARCoreSDK,ThirdParty,UI,ThirdParty\GoogleARCore\GoogleARCoreSDK.build.cs,googlearcoresdk|googlearcore|slate|umg|widget
GoogleGameSDK,ThirdParty,UI,ThirdParty\GoogleGameSDK\GoogleGameSDK.Build.cs,googlegamesdk|slate|umg|widget
GoogleOboe,ThirdParty,UI,ThirdParty\GoogleOboe\GoogleOboe.Build.cs,googleoboe|slate|umg|widget
GoogleTest,ThirdParty,UI,ThirdParty\GoogleTest\GoogleTest.Build.cs,googletest|slate|umg|widget
GPUDirect,ThirdParty,UI,ThirdParty\NVIDIA\GPUDirect\GPUDirect.Build.cs,gpudirect|nvidia|slate|umg|widget
GuidelinesSupportLibrary,ThirdParty,UI,ThirdParty\GuidelinesSupportLibrary\GuidelinesSupportLibrary.Build.cs,guidelinessupportlibrary|slate|umg|widget
HAPLib,ThirdParty,UI,ThirdParty\HAPMedia\HAPLib\HAPLib.Build.cs,haplib|hapmedia|slate|umg|widget
HarfBuzz,ThirdParty,UI,ThirdParty\HarfBuzz\HarfBuzz.Build.cs,harfbuzz|slate|umg|widget
heapprofd,ThirdParty,UI,ThirdParty\heapprofd\heapprofd.Build.cs,heapprofd|slate|umg|widget
HLSLCC,ThirdParty,UI,ThirdParty\hlslcc\HLSLCC.Build.cs,hlslcc|slate|umg|widget
ICU,ThirdParty,UI,ThirdParty\ICU\ICU.Build.cs,icu|slate|umg|widget
Imath,ThirdParty,UI,ThirdParty\Imath\Imath.Build.cs,imath|slate|umg|widget
IntelExtensionsFramework,ThirdParty,UI,ThirdParty\Intel\ExtensionsFramework\IntelExtensionsFramework.Build.cs,intelextensionsframework|extensionsframework|intel|slate|umg|widget
IntelISPC,ThirdParty,UI,ThirdParty\Intel\ISPC\IntelISPC.Build.cs,intelispc|intel|ispc|slate|umg|widget
IntelISPCTexComp,ThirdParty,UI,ThirdParty\Intel\ISPCTexComp\IntelISPCTexComp.Build.cs,intelispctexcomp|intel|ispctexcomp|slate|umg|widget
IntelOIDN,ThirdParty,UI,ThirdParty\Intel\OIDN\IntelOIDN.Build.cs,inteloidn|intel|oidn|slate|umg|widget
IntelTBB,ThirdParty,UI,ThirdParty\Intel\TBB\IntelTBB.Build.cs,inteltbb|intel|slate|tbb|umg|widget
IntelVTune,ThirdParty,UI,ThirdParty\Intel\VTune\IntelVTune.Build.cs,intelvtune|intel|slate|umg|vtune|widget
jemalloc,ThirdParty,UI,ThirdParty\jemalloc\jemalloc.Build.cs,jemalloc|slate|umg|widget
Kiss_FFT,ThirdParty,UI,ThirdParty\Kiss_FFT\Kiss_FFT.Build.cs,fft|kiss|slate|umg|widget
libav,ThirdParty,UI,ThirdParty\libav\libav.Build.cs,libav|slate|umg|widget
libcurl,ThirdParty,UI,ThirdParty\libcurl\libcurl.Build.cs,libcurl|slate|umg|widget
libFLAC,ThirdParty,UI,ThirdParty\libFLAC\libFLAC.build.cs,libflac|slate|umg|widget
libGPUCounters,ThirdParty,UI,ThirdParty\libGPUCounters\libGPUCounters.Build.cs,libgpucounters|slate|umg|widget
LibJpegTurbo,ThirdParty,UI,ThirdParty\libjpeg-turbo\LibJpegTurbo.Build.cs,libjpegturbo|libjpeg|slate|turbo|umg|widget
libOpus,ThirdParty,UI,ThirdParty\libOpus\libOpus.build.cs,libopus|slate|umg|widget
libpas,ThirdParty,UI,ThirdParty\libpas\src\libpas\libpas.Build.cs,libpas|slate|src|umg|widget
LibPhonon,ThirdParty,UI,ThirdParty\libPhonon\LibPhonon.Build.cs,libphonon|slate|umg|widget
libstrophe,ThirdParty,UI,ThirdParty\libstrophe\libstrophe.Build.cs,libstrophe|slate|umg|widget
LibTiff,ThirdParty,UI,ThirdParty\LibTiff\LibTiff.Build.cs,libtiff|slate|umg|widget
libvpx,ThirdParty,UI,ThirdParty\libvpx\libvpx.build.cs,libvpx|slate|umg|widget
libWebSockets,ThirdParty,NetworkingOnline,ThirdParty\libWebSockets\libWebSockets.Build.cs,libwebsockets|network|online|replication
libzip,ThirdParty,UI,ThirdParty\libzip\libzip.Build.cs,libzip|slate|umg|widget
MaterialX,ThirdParty,Rendering,ThirdParty\MaterialX\MaterialX.Build.cs,materialx|render|rhi|shader
MetalCPP,ThirdParty,UI,ThirdParty\MetalCPP\MetalCPP.Build.cs,metalcpp|slate|umg|widget
MetalShaderConverter,ThirdParty,Rendering,ThirdParty\Apple\MetalShaderConverter\MetalShaderConverter.build.cs,metalshaderconverter|apple|render|rhi|shader
metis,ThirdParty,UI,ThirdParty\metis\metis.Build.cs,metis|slate|umg|widget
MikkTSpace,ThirdParty,UI,ThirdParty\MikkTSpace\MikkTSpace.build.cs,mikktspace|slate|umg|widget
mimalloc,ThirdParty,UI,ThirdParty\mimalloc\mimalloc.Build.cs,mimalloc|slate|umg|widget
MsQuic,ThirdParty,UI,ThirdParty\MsQuic\MsQuic.Build.cs,msquic|slate|umg|widget
nanoflann,ThirdParty,UI,ThirdParty\nanoflann\nanoflann.Build.cs,nanoflann|slate|umg|widget
nanosvg,ThirdParty,UI,ThirdParty\nanosvg\nanosvg.Build.cs,nanosvg|slate|umg|widget
nghttp2,ThirdParty,NetworkingOnline,ThirdParty\nghttp2\nghttp2.Build.cs,nghttp2|network|online|replication
NVaftermath,ThirdParty,UI,ThirdParty\NVIDIA\NVaftermath\NVaftermath.Build.cs,nvaftermath|nvidia|slate|umg|widget
NVAPI,ThirdParty,UI,ThirdParty\NVIDIA\nvapi\NVAPI.Build.cs,nvapi|nvidia|slate|umg|widget
nvDecode,ThirdParty,UI,ThirdParty\NVIDIA\nvDecode\nvDecode.Build.cs,nvdecode|nvidia|slate|umg|widget
nvEncode,ThirdParty,UI,ThirdParty\NVIDIA\nvEncode\nvEncode.Build.cs,nvencode|nvidia|slate|umg|widget
NVML,ThirdParty,UI,ThirdParty\NVIDIA\NVML\NVML.build.cs,nvml|nvidia|slate|umg|widget
nvTessLib,ThirdParty,UI,ThirdParty\nvtesslib\nvTessLib.Build.cs,nvtesslib|slate|umg|widget
nvTextureTools,ThirdParty,UI,ThirdParty\nvTextureTools\nvTextureTools.Build.cs,nvtexturetools|slate|umg|widget
nvTriStrip,ThirdParty,UI,ThirdParty\nvTriStrip\nvTriStrip.Build.cs,nvtristrip|slate|umg|widget
OculusOpenXRLoader,ThirdParty,UI,ThirdParty\Oculus\OculusOpenXRLoader\OculusOpenXRLoader.build.cs,oculusopenxrloader|oculus|slate|umg|widget
OpenColorIOLib,ThirdParty,UI,ThirdParty\OpenColorIO\OpenColorIOLib.Build.cs,opencoloriolib|opencolorio|slate|umg|widget
OpenGL,ThirdParty,UI,ThirdParty\OpenGL\OpenGL.Build.cs,opengl|slate|umg|widget
OpenSSL,ThirdParty,UI,ThirdParty\OpenSSL\OpenSSL.Build.cs,openssl|slate|umg|widget
OpenSubdiv,ThirdParty,UI,ThirdParty\OpenSubdiv\OpenSubdiv.Build.cs,opensubdiv|slate|umg|widget
OpenVDB,ThirdParty,UI,ThirdParty\OpenVDB\OpenVDB.Build.cs,openvdb|slate|umg|widget
OpenXR,ThirdParty,UI,ThirdParty\OpenXR\OpenXR.Build.cs,openxr|slate|umg|widget
Perforce,ThirdParty,UI,ThirdParty\Perforce\Perforce.Build.cs,perforce|slate|umg|widget
PLCrashReporter,ThirdParty,UI,ThirdParty\PLCrashReporter\PLCrashReporter.Build.cs,plcrashreporter|slate|umg|widget
portmidi,ThirdParty,UI,ThirdParty\portmidi\portmidi.Build.cs,portmidi|slate|umg|widget
ProResLib,ThirdParty,UI,ThirdParty\Apple\ProResLib\ProResLib.Build.cs,proreslib|apple|slate|umg|widget
Protobuf,ThirdParty,UI,ThirdParty\Protobuf\Protobuf.Build.cs,protobuf|slate|umg|widget
pugixml,ThirdParty,UI,ThirdParty\pugixml\pugixml.Build.cs,pugixml|slate|umg|widget
Python3,ThirdParty,UI,ThirdParty\Python3\Python3.Build.cs,python3|slate|umg|widget
RapidJSON,ThirdParty,UI,ThirdParty\RapidJSON\RapidJSON.Build.cs,rapidjson|slate|umg|widget
RenderDoc,ThirdParty,Rendering,ThirdParty\RenderDoc\RenderDoc.Build.cs,renderdoc|render|rhi|shader
RivermaxLib,ThirdParty,UI,ThirdParty\NVIDIA\Rivermax\RivermaxLib.build.cs,rivermaxlib|nvidia|rivermax|slate|umg|widget
rpclib,ThirdParty,UI,ThirdParty\rpclib\rpclib.Build.cs,rpclib|slate|umg|widget
SDL2,ThirdParty,UI,ThirdParty\SDL2\SDL2.Build.cs,sdl2|slate|umg|widget
ShaderConductor,ThirdParty,Rendering,ThirdParty\ShaderConductor\ShaderConductor.Build.cs,shaderconductor|render|rhi|shader
simde,ThirdParty,UI,ThirdParty\simde\simde.Build.cs,simde|slate|umg|widget
SnappyLib,ThirdParty,UI,ThirdParty\HAPMedia\SnappyLib\SnappyLib.Build.cs,snappylib|hapmedia|slate|umg|widget
SoundTouchZ,ThirdParty,Audio,ThirdParty\SoundTouchZ\SoundTouchZ.Build.cs,soundtouchz|audio|metasound|sound
SpeedTree,ThirdParty,UI,ThirdParty\SpeedTree\SpeedTree.Build.cs,speedtree|slate|umg|widget
SPIRVReflect,ThirdParty,UI,ThirdParty\SPIRV-Reflect\SPIRVReflect.Build.cs,spirvreflect|reflect|slate|spirv|umg|widget
stb_image_resize2,ThirdParty,UI,ThirdParty\stb_image_resize\stb_image_resize2.Build.cs,image|stb|resize2|resize|slate|umg|widget
Steamworks,ThirdParty,UI,ThirdParty\Steamworks\Steamworks.build.cs,steamworks|slate|umg|widget
SuperLuminal,ThirdParty,UI,ThirdParty\SuperLuminal\SuperLuminal.Build.cs,superluminal|slate|umg|widget
Swift,ThirdParty,UI,ThirdParty\Apple\Swift\Swift.Build.cs,swift|apple|slate|umg|widget
TinyXML2,ThirdParty,UI,ThirdParty\TinyXML2\TinyXML2.Build.cs,tinyxml2|slate|umg|widget
UElibJPG,ThirdParty,UI,ThirdParty\libJPG\UElibJPG.Build.cs,uelibjpg|libjpg|slate|umg|widget
UElibPNG,ThirdParty,UI,ThirdParty\libPNG\UElibPNG.Build.cs,uelibpng|libpng|slate|umg|widget
UElibSampleRate,ThirdParty,UI,ThirdParty\libSampleRate\UElibSampleRate.Build.cs,uelibsamplerate|libsamplerate|slate|umg|widget
UEOgg,ThirdParty,UI,ThirdParty\Ogg\UEOgg.Build.cs,ueogg|ogg|slate|umg|widget
UEOpenExr,ThirdParty,UI,ThirdParty\openexr\UEOpenExr.Build.cs,ueopenexr|openexr|slate|umg|widget
VHACD,ThirdParty,UI,ThirdParty\VHACD\VHACD.Build.cs,vhacd|slate|umg|widget
VisualStudioDTE,ThirdParty,UI,ThirdParty\Windows\VisualStudioDTE\VisualStudioDTE.Build.cs,visualstudiodte|slate|umg|widget|windows
Vorbis,ThirdParty,UI,ThirdParty\Vorbis\Vorbis.Build.cs,vorbis|slate|umg|widget
VorbisFile,ThirdParty,UI,ThirdParty\Vorbis\VorbisFile.Build.cs,vorbisfile|slate|umg|vorbis|widget
VSPerfExternalProfiler,ThirdParty,UI,ThirdParty\VSPerfExternalProfiler\VSPerfExternalProfiler.Build.cs,vsperfexternalprofiler|slate|umg|widget
Vulkan,ThirdParty,UI,ThirdParty\Vulkan\Vulkan.Build.cs,vulkan|slate|umg|widget
WebRTC,ThirdParty,UI,ThirdParty\WebRTC\WebRTC.Build.cs,webrtc|slate|umg|widget
WinHttp,ThirdParty,NetworkingOnline,ThirdParty\WinHttp\WinHttp.Build.cs,winhttp|network|online|replication
WinPixEventRuntime,ThirdParty,UI,ThirdParty\Windows\PIX\WinPixEventRuntime.Build.cs,winpixeventruntime|pix|slate|umg|widget|windows
XAudio2_9,ThirdParty,Audio,ThirdParty\Windows\XAudio2_9\XAudio2_9.Build.cs,xaudio2|audio|metasound|sound|windows
XInput,ThirdParty,UI,ThirdParty\Windows\XInput\XInput.Build.cs,xinput|slate|umg|widget|windows
xxhash,ThirdParty,UI,ThirdParty\xxhash\xxhash.Build.cs,xxhash|slate|umg|widget
zlib,ThirdParty,UI,ThirdParty\zlib\zlib.Build.cs,zlib|slate|umg|widget
